comissaolicitacao;anoprocessolicitatorio;numeroprocessolicitatorio;modalidadeprocessolicitatorio;numerolicitacaomodalidade;anolicitacaomodalidade;orgaolicitante;objeto;valor_estipulado;dataaberturaproposta
COMISSÃO DE LICITAÇÃO - EMLURB;2018;10;TOMADA DE PREÇOS;1;2018;EMLURB - AUTARQUIA DE MANUTENÇÃO E LIMPEZA URBANA;CONTRATAÇÃO DE EMPRESA ESPECIALIZADA EM ILUMINAÇÃO PÚBLICA PARA FORNECIMENTO E INSTALAÇÃO DE LUMINÁRIAS COM TECNOLOGIA LED E REDE ELÉTRICA PARA ILUMINAÇÃO PÚBLICA DA AV. ENGENHEIRO JOSÉ ESTELITA;866790.82;2018/06/26 09:00:00.000
COMISSÃO ESPECIAL DE LICITAÇÃO - GABPE;2018;2;TOMADA DE PREÇOS;2;2018;GABINETE DE PROJETOS ESPECIAIS;CONTRATAÇÃO DE SERVIÇOS DE ENGENHARIA CONSULTIVA PARA ELABORAÇÃO DE PROJETOS BÁSICOS E EXECUTIVOS DE ENGENHARIA PARA CONSTRUÇÃO DE DUAS UNIDADES DO COMPAZ  COQUE E IBURA;526845.24;2018/04/18 09:30:00.000
COMISSÃO ESPECIAL DE LICITAÇÃO - GABPE;2018;8;CONCORRÊNCIA;3;2018;FUNDO MUNICIPAL DE SAÚDE - FMS;PROCESSO LICITATORIO PARA CONTRATAÇÃO DE EMPRESA ESPECIALIZADA PARA EXECUTAR SERVIÇOS DE CONSTRUÇÃO, AMPLIAÇÃO E EQUIPAGEM DAS UNIDADES DE SAÚDE - REFORMA REDE CEGONHA, PARA ATENDER AS NECESSIDADES DA SECRETARIA DE SAÚDE DA PREFEITURA DO RECIFE.;5973970.0;2018/11/23 09:30:00.000
COMISSÃO PERMANENTE DE LICITAÇÃO - CTTU;2018;11;CONVITE;1;2018;CTTU - AUTARQUIA DE TRÂNSITO E TRANSPORTE URBANO DO RECIFE;CONTRATAÇÃO DE SOCIEDADE DE ADVOGADOS PARA PRESTAÇÃO DE SERVIÇOS ADVOCATÍCIOS DE NATUREZA TRABALHISTA PARA SUPRI A NECESSIDADE DESTA AUTARQUIA.;79062.6;2018/05/16 10:00:00.000
COMISSÃO PERMANENTE DE LICITAÇÃO - CTTU;2018;18;PREGÃO PRESENCIAL;8;2018;CTTU - AUTARQUIA DE TRÂNSITO E TRANSPORTE URBANO DO RECIFE;PROCESSO LICITATÓRIO REFERENTE A RECUPERAÇÃO DAS ESTRUTURAS METÁLICAS, CONFECÇÃO E INSTALAÇÃO DE 05 TOLDOS.;60278.65;2018/09/11 10:00:00.000
COMISSÃO PERMANENTE DE LICITAÇÃO DE EDUCAÇÃO - CPLE (GGLIC/SEPLAGTD);2018;24;CHAMAMENTO PÚBLICO;1;2018;SECRETARIA DE EDUCAÇÃO;AQUISIÇÃO DE GÊNEROS ALIMENTÍCIOS.;2156807.97;2018/11/05 10:00:00.000
COMISSÃO DE LICITAÇÃO - EMLURB;2019;57;CONCORRÊNCIA;18;2019;EMLURB - AUTARQUIA DE MANUTENÇÃO E LIMPEZA URBANA;RECUPERAÇÃO ESTRUTURAL DA PONTE PRINCESA ISABEL.;8314387.23;2019/12/20 09:00:00.000
COMISSÃO ESPECIAL DE LICITAÇÕES INTERNACIONAIS E RECURSOS CONVENIADOS - CELIRC;2019;16;PREGÃO ELETRÔNICO;16;2019;SECRETARIA DE EDUCAÇÃO;PL PARA AQUISIÇÃO DE MICROCMPUTADOR CONVERSIVEL TIPO CLASSEMATE;11470610.0;2019/12/09 10:00:00.000
COMISSÃO ESPECIAL DE LICITAÇÕES INTERNACIONAIS E RECURSOS CONVENIADOS - CELIRC;2019;18;PREGÃO ELETRÔNICO;18;2019;SECRETARIA DE EDUCAÇÃO;REGISTRO DE PREÇOS PELO PERÍODO DE 12 (DOZE) MESES PARA AQUISIÇÃO DE MATERIAIS EDUCACIONAIS E OFICINAS PEDAGÓGICAS 02 (DOIS) LOTES PARA A SECRETARIA DE EDUCAÇÃO.;16467900.0;2019/11/13 10:00:00.000
COMISSÃO ESPECIAL DE LICITAÇÕES INTERNACIONAIS E RECURSOS CONVENIADOS - CELIRC;2019;19;PREGÃO ELETRÔNICO;19;2019;SECRETARIA DE EDUCAÇÃO;REGISTRO DE PREÇOS PARA AQUISIÇÃO DE INDUMENTÁRIAS E ACESSÓRIOS DESTINADOS AS BANDAS DA REDE MUNICIPAL DE ENSINO;1193550.0;2019/12/09 10:00:00.000
COMISSÃO ESPECIAL DE LICITAÇÕES INTERNACIONAIS E RECURSOS CONVENIADOS - CELIRC;2019;20;PREGÃO ELETRÔNICO;20;2019;SECRETARIA DE EDUCAÇÃO;AQUISIÇÃO DE CHROMEBOOK TIPO 1 - ATRAVÉS DE REGISTRO DE PREÇOS NA MODALIDADE PREGÃO ELETRÔNICO NO PERÍODO DE 12 MESES.;2252250.0;2019/12/16 10:00:00.000
COMISSÃO ESPECIAL DE LICITAÇÃO - GABPE;2019;13;CONVITE;3;2019;GABINETE DE PROJETOS ESPECIAIS;CONTRATAÇÃO DE EMPRESA ESPECIALIZADA PARA ELABORAÇÃO DOS PROJETOS EXECUTIVOS DE ARQUITETURA E COMPLEMENTARES DE ENGENHARIA PARA CONSTRUÇÃO DE 02 (DOIS) CENTROS COMUNITÁRIOS DA PAZ (COMPAZ), LOCALIZADOS NOS BAIRROS DO PINA E VÁRZEA, NA CIDADE DO RECIFE.;327185.9;2019/07/17 09:30:00.000
COMISSÃO ESPECIAL DE LICITAÇÃO - GABPE;2019;18;PREGÃO ELETRÔNICO;6;2019;SECRETARIA DE TURISMO E LAZER;REGISTRO DE PREÇOS PARA AQUISIÇÃO E INSTALAÇÃO DE MATERIAL ESPORTIVO PARA MODALIDADES COLETIVAS, INDIVIDUAIS E DANÇA DE ESPORTES DE ALTO RENDIMENTO GERALDÃO QUE TEM COMO FINALIDADE DESENVOLVER, DEMOCRATIZAR E UNIVERSALIZAR A PRÁTICA ESPORTIVA DE ALTO RENDIMENTO, OFERECENDO CONDIÇÕES DE EXCELÊNCIA MATERIAL E PROFISSIONAL PARA OS ATLETAS E PARATLETAS.;131949.5;2019/08/01 10:30:00.000
COMISSÃO ESPECIAL DE LICITAÇÃO - GABPE;2019;20;CONCORRÊNCIA;7;2019;SECRETARIA DE HABITAÇÃO;CONTRATAÇÃO DE EMPRESA ESPECIALIZADA DE ENGENHARIA PARA MANUTENÇÃO PREVENTIVA E CORRETIVA DOS CONJUNTOS HABITACIONAIS;2019203.01;2019/08/23 15:00:00.000
COMISSÃO ESPECIAL DE LICITAÇÃO - GABPE;2019;21;CONCORRÊNCIA;8;2019;SECRETARIA DE HABITAÇÃO;CONTRATAÇÃO DE EMPRESA ESPECIALIZADA EM CONSULTORIA, LEVANTAMENTO E FISCALIZAÇÕES NOS HABITACIONAIS DE RESPONSABILIDADE DESTA SECRETARIA.;2832669.09;2019/09/17 09:30:00.000
COMISSÃO ESPECIAL DE LICITAÇÃO - GABPE;2019;22;CONCORRÊNCIA;9;2019;GABINETE DE PROJETOS ESPECIAIS;CONTRATAÇÃO DE SERVIÇOS DE ENGENHARIA CONSULTIVA PARA APOIO TÉCNICO-OPERACIONAL E GERENCIAL AO GABINETE DE PROJETOS ESPECIAIS, COMPREENDENDO AS ATIVIDADES DE GERENCIAMENTO, SUPERVISÃO E FISCALIZAÇÃO DE OBRAS DE CONSTRUÇÃO DO HOSPITAL DO IDOSO E DA UPAE IBURA.;2566542.75;2019/09/24 09:30:00.000
COMISSÃO ESPECIAL DE LICITAÇÃO - GABPE;2019;23;CONCORRÊNCIA;10;2019;GABINETE DE PROJETOS ESPECIAIS;CONTRATAÇÃO DE SERVIÇOS DE ENGENHARIA CONSULTIVA PARA APOIO TÉCNICO-OPERACIONAL E GERENCIAL AO GABINETE DE PROJETOS ESPECIAIS, COMPREENDENDO AS ATIVIDADES DE GERENCIAMENTO, SUPERVISÃO E FISCALIZAÇÃO DE OBRAS NAS ÁREAS DE SAÚDE, EDUCAÇÃO, SEGURANÇA E URBANIZAÇÃO.;4222544.07;2019/09/25 09:30:00.000
COMISSÃO ESPECIAL DE LICITAÇÃO - GABPE;2019;28;CONCORRÊNCIA;12;2019;GABINETE DE PROJETOS ESPECIAIS;CONTRATAÇÃO DE SERVIÇOS ESPECIALIZADOS DE ENGENHARIA, ATRAVÉS DE ESCOAMENTO FORÇADO NOS CANAIS DO MUNICÍPIO DO RECIFE, PARA CONTROLE E COMBATE VETORIAL DO AEDES AEGYPTI E OUTROS VETORES, EM ÁREAS ESPECÍFICAS;9760736.98;2019/11/18 09:30:00.000
COMISSÃO ESPECIAL DE LICITAÇÃO - GABPE;2019;29;TOMADA DE PREÇOS;5;2019;GABINETE DE PROJETOS ESPECIAIS;CONTRATAÇÃO DE EMPRESA ESPECIALIZADA PARA FABRICAÇÃO E FORNECIMENTO DE CADEIRAS PARA OS CAMAROTES NO TEATRO DO PARQUE, NO MUNICÍPIO DE RECIFE - PE;272243.33;2019/11/07 09:30:00.000
COMISSÃO PERMANENTE DE LICITAÇÃO - CTTU;2019;8;PREGÃO ELETRÔNICO;5;2019;CTTU - AUTARQUIA DE TRÂNSITO E TRANSPORTE URBANO DO RECIFE;"1.1.	REGISTRO DE PREÇOS PARA CONTRATAÇÃO DE EMPRESA ESPECIALIZADA NA EXECUÇÃO, SOB DEMANDA, DE SERVIÇOS DE INSTALAÇÃO E CERTIFICAÇÃO DE INFRAESTRUTURA DE REDE LÓGICA, ATRAVÉS DE CABEAMENTO ESTRUTURADO (VOZ/DADOS/IMAGEM/IMAGEM) E INSTALAÇÃO DE REDE ELÉTRICA ESTABILIZADA, COM FORNECIMENTO DE MATERIAL, DE ACORDO COM AS CONDIÇÕES, ESPECIFICAÇÕES E QUANTITATIVOS DESCRITOS";1382338.96;2019/04/03 10:00:00.000
COMISSÃO PERMANENTE DE LICITAÇÃO - CTTU;2019;16;CONVITE;1;2019;CTTU - AUTARQUIA DE TRÂNSITO E TRANSPORTE URBANO DO RECIFE;PROCESSO LICITATÓRIO PARA A CONTRATAÇÃO DE SERVIÇOS TÉCNICOS ESPECIALIZADOS DE ASSESSORIA E CONSULTA JURÍDICA.;145200.0;2019/07/12 10:00:00.000
COMISSÃO PERMANENTE DE LICITAÇÃO DE MATERIAIS - CPLM (GGLIC/SEPLAGTD);2019;7;PREGÃO ELETRÔNICO;7;2019;SECRETARIA DE TURISMO E LAZER;AQUISIÇÃO DE EQUIPAMENTOS DE INFORMÁTICA E DE ÁUDIO E VÍDEO PARA ATENDER AS NECESSIDADES DESTA SECRETARIA DE TURISMO, ESPORTES E LAZER - SETUREL, NO TOCANTE AOS CENTROS DE ATENDIMENTO AO TURISTA. CONFORME TR.;45842.45;2019/04/03 09:00:00.000
COMISSÃO PERMANENTE DE LICITAÇÃO DE MATERIAIS DE SAÚDE - CPLMSA (GGLIC/SEPLAGTD);2019;39;PREGÃO ELETRÔNICO;39;2019;FUNDO MUNICIPAL DE SAÚDE - FMS;REGISTRO DE PREÇO COM VALIDADE DE 12 (DOZE) MESES PARA AQUISIÇÃO DE ROÇADEIRA LATERAL DE GRAMA  E FIO DE NYLON PARA ROÇADEIRA PARA ATENDER AS NECESSIDADES DA SECRETARIA DE SAÚDE DA PREFEITURA DO RECIFE.;32797.75;2019/10/25 10:00:00.000
COMISSÃO PERMANENTE DE LICITAÇÃO DE MATERIAIS DE SAÚDE - CPLMSA (GGLIC/SEPLAGTD);2019;41;PREGÃO ELETRÔNICO;41;2019;FUNDO MUNICIPAL DE SAÚDE - FMS;REGISTRO DE PREÇOS COM VALIDADE DE 12 (DOZE) MESES, PARA AQUISIÇÃO DE EQUIPAMENTOS HOSPITALARES (MONITOR MULTIPARAMÉTRICO E MÓDULOS), LOTE ÚNICO COM 4 (QUATRO) ITENS, PARA SECRETARIA DE SAÚDE DA PREFEITURA DO RECIFE.;4560469.68;2019/11/07 10:00:00.000
COMISSÃO ESPECIAL DE LICITAÇÃO - GABPE;2020;8;CHAMAMENTO PÚBLICO;2;2020;SECRETARIA DO TRABALHO E QUALIFICAÇÃO PROFISSIONAL;CREDENCIAMENTO DE COSTUREIROS(AS) (PESSOA FÍSICA) MICROEMPREENDEDORES INDIVIDUAIS MEIS E MICROEMPRESAS MES VISANDO O FORNECIMENTO DE MÁSCARAS DE TECIDO PARA POPULAÇÃO DA CIDADE DO RECIFE.;1100000.0;2020/07/10 16:00:00.000
COMISSÃO ESPECIAL DE LICITAÇÃO - GABPE;2020;24;CHAMAMENTO PÚBLICO;3;2020;GABINETE DE PROJETOS ESPECIAIS;FORNECIMENTO, INSTALAÇÃO E MANUTENÇÃO DE ESTAÇÕES DE EXERCÍCIOS E  ACADEMIAS AO AR LIVRE PARA USO DA POPULAÇÃO DE FORMA GRATUITA, SEM RECURSOS PÚBLICOS ENVOLVIDOS;1.0;2020/10/08 16:00:00.000
COMISSÃO ESPECIAL DE LICITAÇÃO - GABPE;2020;26;CHAMAMENTO PÚBLICO;4;2020;GABINETE DE PROJETOS ESPECIAIS;CREDENCIAMENTO DE COSTUREIROS(AS) (PESSOA FÍSICA) MICROEMPREENDEDORES INDIVIDUAIS MEIS E MICROEMPRESAS MES VISANDO O FORNECIMENTO DE MÁSCARAS DE TECIDO PARA POPULAÇÃO DA CIDADE DO RECIFE.;1.0;2020/11/13 13:00:00.000
COMISSÃO ESPECIAL DE LICITAÇÃO - GABPE;2020;27;TOMADA DE PREÇOS;5;2020;GABINETE DE PROJETOS ESPECIAIS;CONTRATACAO DE EMPRESA DE ENGENHARIA PARA EXECUCAO DAS OBRAS E SERVICOS DE CONSTRUCAO DOS QUIOSQUES DE ALIMENTACAO DA UPAE IBURA. LOCALIZADA NO MUNICIPIO DE RECIFE.;323246.14;2020/11/30 10:00:00.000
COMISSÃO ESPECIAL DE LICITAÇÃO - GABPE;2020;30;CONCORRÊNCIA;3;2020;GABINETE DE PROJETOS ESPECIAIS;DESPESAS COM A EXECUCAO DAS OBRAS DE CONTRUCAO DO CENTRO COMUNITARIO DA PAZ   COMPAZ NO IBURA;11048295.4;2020/12/18 10:00:00.000
COMISSÃO ESPECIAL DE LICITAÇÃO - GABPE;2020;31;TOMADA DE PREÇOS;6;2020;GABINETE DE PROJETOS ESPECIAIS;CONTRATACAO DE EMPRESA DE ENGENHARIA PARA EXECUCAO DA REFORMA PARA IMPLANTACAO DO CENTRO DE REFERENCIA DA PRIMEIRA INFANCIA. OBRA DE INFRAESTRUTURA PARA CLIMATIZACAO DO CENTRO DE REFERENCIA DE ASSISTENCIA SOCIAL  CRAS  E ADEQUACAO DAS INSTALACOES ELETRICAS NO CENTRO COMUNITARIO DA PAZ  COMPAZ  MIGUEL ARRAES. BAIRRO DA MADALENA. NO MUNICIPIO DE RECIFE.;1507818.87;2020/12/14 10:00:00.000
COMISSÃO PERMANENTE DE LICITAÇÃO DE MATERIAIS - CPLM (GGLIC/SEPLAGTD);2020;1;PREGÃO ELETRÔNICO;1;2020;FUNDO MUNICIPAL DE SAÚDE - FMS;REGISTRO DE PREÇOS COM VALIDADE DE 12 (DOZE) MESES PARA AQUISIÇÃO DE EQUIPAMENTOS DE GINÁSTICA- 14 (QUATORZE) LOTES PARA ATENDER TODOS OS POLOS DA ACADEMIA DA CIDADE DA SECRETARIA MUNICIPAL DE SAÚDE.;1402724.78;2020/01/24 09:00:00.000
COMISSÃO PERMANENTE DE LICITAÇÃO DE MATERIAIS - CPLM (GGLIC/SEPLAGTD);2020;20;PREGÃO ELETRÔNICO;19;2020;FUNDO MUNICIPAL DE SAÚDE - FMS;REGISTRO DE PRECOS PELO PERIODO DE 12  DOZE  MESES. PARA A AQUISICAO E CADEIRAS E LONGARINAS EM 10   DEZ   LOTES PARA ATENDER AS NECESSIDADES DA SECRETARIA DE SAUDE DE RECIFE;6378688.38;2020/12/04 10:00:00.000
COMISSÃO PERMANENTE DE LICITAÇÃO DE SERVIÇOS DE SAÚDE - CPLSSA (GGLIC/SEPLAGTD);2020;13;PREGÃO ELETRÔNICO;12;2020;FUNDO MUNICIPAL DE SAÚDE - FMS;REGISTRO DE PREÇO COM VALIDADE DE 12 (DOZE) MESES, PARA AQUISIÇÃO DE EQUIPAMENTOS HOSPITALARES (BISTURIS E CARDIOVERSOR), COM 03 (TRÊS) LOTES, PARA SECRETARIA DE SAÚDE DA PREFEITURA DO RECIFE;1750288.8;2020/07/29 10:00:00.000
COMISSÃO - SECRETARIA DE SAÚDE;2020;1;CHAMAMENTO PÚBLICO;1;2020;FUNDO MUNICIPAL DE SAÚDE - FMS;CHAMAMENTO ESCOLHA DE PROJETOS DE ORGANIZAÇÃO DA SOCIEDADE CIVIL, SEM FINS LUCRATIVOS RELACIONADOS A SAÚDE DA MULHER COM ÊNFASE NO PLANEJAM REPRODUTIVO E NAS INFECÇÕES SEXUALMEN TRANSMISSÍVEIS;1.0;2020/04/17 10:00:00.000
COMISSÃO DE LICITAÇÃO - EMLURB;2021;4;CONCORRÊNCIA;3;2021;EMLURB - AUTARQUIA DE MANUTENÇÃO E LIMPEZA URBANA;SERVICOS DE ENGENHARIA CONSULTIVA PARA APOIO TECNICO E GERENCIAL AO PROCESSO DE MONITORAMENTO DAS ACOES DE LIMPEZA URBANA E ATIVIDADES DE LOGISTICA DO TRANSPORTE DE RESIDUOS DA CONSTRUCAO CIVIL DA CIDADE DO RECIFE. MEDIANTE SUPORTE A IMPLANTACAO E OPERACAO DE UMA CENTRAL DE CONTROLE OPERACIONAL.;42330141.0;2021/06/08 09:00:00.000
COMISSÃO DE LICITAÇÃO - EMLURB;2021;11;CHAMAMENTO PÚBLICO;1;2021;EMLURB - AUTARQUIA DE MANUTENÇÃO E LIMPEZA URBANA;ADOÇÃO DE ESPAÇOS PÚBLICOS EM 4 LOTES DISTRIBUÍDOS NA CIDADE DO RECIFE.;1.0;2021/10/05 09:00:00.000
COMISSÃO DE LICITAÇÃO - EMLURB;2021;16;LEILÃO;1;2021;EMLURB - AUTARQUIA DE MANUTENÇÃO E LIMPEZA URBANA;LEILÃO PARA ALIENAÇÃO DE VEÍCULOS, SUCATAS, RESTOLHOS DE PODAS E AFINS.;1.0;2021/09/09 10:00:00.000
COMISSÃO DE LICITAÇÃO - EMLURB;2021;24;LEILÃO;2;2021;EMLURB - AUTARQUIA DE MANUTENÇÃO E LIMPEZA URBANA;VENDA DE BENS MÓVEIS INSERVÍVEIS AO PATRIMÔNIO PÚBLICO.;1.0;2021/10/19 10:00:00.000
COMISSÃO DE SELEÇÃO E JULGAMENTO - SEPLAGTD - OSC;2021;1;CHAMAMENTO PÚBLICO;1;2021;SECRETARIA DE PLANEJAMENTO, GESTÃO E TRANSFORMAÇÃO DIGITAL;SELEÇÃO DE PROJETO PARA A CELEBRAÇÃO DE PARCERIA, POR MEIO DA FORMALIZAÇÃO DE TERMO DE FOMENTO, PARA A CONSECUÇÃO DE FINALIDADE DE INTERESSE PÚBLICO E RECÍPROCO.;870000.0;2021/07/15 17:00:00.000
COMISSÃO ESPECIAL DE LICITAÇÃO - GABPE;2021;10;CONCORRÊNCIA;1;2021;SECRETARIA DE PLANEJAMENTO, GESTÃO E TRANSFORMAÇÃO DIGITAL;"CONTRATACAO DE EMPRESA DE ENGENHARIA PARA
RECUPERACAO DAS FACHADAS NORTE E SUL DO EDIFICIO SEDE DA PREFEITURA DO RECIFE. LOCALIZADO NA
AVENIDA CAIS DO APOLO. N. 925. BAIRRO DO RECIFE.";5324444.14;2021/12/30 09:00:00.000
COMISSÃO ESPECIAL DE LICITAÇÃO - GABPE;2021;17;TOMADA DE PREÇOS;6;2021;GABINETE DE PROJETOS ESPECIAIS;CONTRATACAO DE EMPRESA DE ENGENHARIA PARA EXECUCAO DA OBRA DE REQUALIFICACAO E MODERNIZACAO DAS QUADRAS EXTERNAS DO GINASIO DE ESPORTES GERALDO MAGALHAES;461190.65;2021/11/19 10:00:00.000
COMISSÃO PERMANENTE DE LICITAÇÃO - CTTU;2021;7;CONVITE;1;2021;CTTU - AUTARQUIA DE TRÂNSITO E TRANSPORTE URBANO DO RECIFE;CONTRATACAO DE EMPRESA ESPECIALIZADA PARA ELABORACAO  DE LAUDO ESTRUTURAL E PROJETOS EXECUTIVOS DE ARQUITETURA E COMPLEMENTARES DE ENGENHARIA PARA RECUPERACAO E ADEQUACAO DA ESTRUTURA FISICA DESTA AUTARQUIA.;316030.97;2021/07/30 10:00:00.000
COMISSÃO PERMANENTE DE LICITAÇÃO DE COMPRAS CORPORATIVAS - CPLCC (GGLIC/SEPLAGTD);2021;12;PREGÃO ELETRÔNICO;12;2021;SECRETARIA DE PLANEJAMENTO, GESTÃO E TRANSFORMAÇÃO DIGITAL;REGISTRO DE PRECOS. PELO PERIODO DE 06 MESES. PARA AQUISICAO DE ALCOOL ETILICO EM GEL;4.01;2021/07/20 10:30:00.000
COMISSÃO PERMANENTE DE LICITAÇÃO DE COMPRAS CORPORATIVAS - CPLCC (GGLIC/SEPLAGTD);2021;19;PREGÃO ELETRÔNICO;19;2021;SECRETARIA DE PLANEJAMENTO, GESTÃO E TRANSFORMAÇÃO DIGITAL;REGISTRO DE PRECOS PARA PRESTACAO DE SERVICOS CONTINUOS DE LIMPEZA E CONSERVACAO COM DEDICACAO DE MAO DE OBRA EXCLUSIVA E INSUMOS DE LIMPEZA. EM 02  DOIS  LOTES. VISANDO ATENDER AS NECESSIDADES DA PREFEITURA DO RECIFE COM A OBTENCAO DE ADEQUADAS CONDICOES DE SALUBRIDADE E HIGIENE:;18968643.0;2022/01/19 10:30:00.000
COMISSÃO PERMANENTE DE LICITAÇÃO DE COMPRAS CORPORATIVAS - CPLCC (GGLIC/SEPLAGTD);2021;21;PREGÃO ELETRÔNICO;21;2021;SECRETARIA DE PLANEJAMENTO, GESTÃO E TRANSFORMAÇÃO DIGITAL;CONTRATACAO DE LICENCIAMENTO DE SOFTWARE COMO SERVICO SOLUCAO DE APOIO A GESTAO ORCAMENTARIA E FINANCEIRA.;360000.0;2021/09/30 10:30:00.000
COMISSÃO PERMANENTE DE LICITAÇÃO DE COMPRAS CORPORATIVAS - CPLCC (GGLIC/SEPLAGTD);2021;24;PREGÃO ELETRÔNICO;24;2021;SECRETARIA DE PLANEJAMENTO, GESTÃO E TRANSFORMAÇÃO DIGITAL;REGISTRO DE PRECO POR 12 MESES PARA CONTRATACAO DE EMPRESA ESPECIALIZADA EM LOCACAO DE IMPRESSORA E DIGITALIZACAO CESSAO DE USO DE EQUIPAMENTOS MANUTENCAO PREVENTIVA E CORRETIVA PECAS E SUPRIMENTOS;14141107.15;2022/09/01 10:30:00.000
COMISSÃO PERMANENTE DE LICITAÇÃO DE EDUCAÇÃO - CPLE (GGLIC/SEPLAGTD);2021;16;PREGÃO ELETRÔNICO;16;2021;FUNDO MUNICIPAL DE SAÚDE - FMS;REGISTRO DE PRECOS. PELO PERIODO DE 12  DOZE  MESES. PARA AQUISICAO DE AUTOCLAVES  EQUIPAMENTOS MEDICO HOSPITALARES  EM 04   QUATRO  LOTES. PARA SEREM UTILIZADOS NA REDE MUNICIPAL DE SAUDE DA SECRETARIA DE SAUDE DA PREFEITURA DA CIDADE DO RECIFE.;1361317.5;2021/05/03 09:00:00.000
COMISSÃO PERMANENTE DE LICITAÇÃO DE MATERIAIS DE SAÚDE - CPLMSA (GGLIC/SEPLAGTD);2021;77;PREGÃO ELETRÔNICO;76;2021;FUNDO MUNICIPAL DE SAÚDE - FMS;REGISTRO DE PRECOS. PELO PERIODO DE 12 MESES. PARA AQUISICOES DE EQUIPAMENTOS E MATERIAIS MEDICOS HOSPITALARES EM 11 LOTES. PARA SEREM UTILIZADOS NA REDE MUNICIPAL DA SECRETARIA DE SAUDE DO RECIFE;1331464.85;2022/09/21 09:00:00.000
COMISSÃO PERMANENTE DE LICITAÇÃO DE MATERIAIS DE SAÚDE - CPLMSA (GGLIC/SEPLAGTD);2021;80;PREGÃO ELETRÔNICO;79;2021;FUNDO MUNICIPAL DE SAÚDE - FMS;REGISTRO DE PRECOS. PELO PERIODO DE 12  DOZE  MESES. PARA AQUISICOES DE MESAS AUXILIARES QUADRADAS. RETANGULARES. SEMI CIRCULARES. DE EXAME CLINICO. GINECOLOGICO E CIRURGICA ELETRICA   MOVEIS HOSPITALARES  EQUIPAMENTOS MEDICO HOSPITALARES  EM 13  TREZE  LOTES. PARA SEREM UTILIZADOS NA REDE MUNICIPAL DE SAUDE DA SECRETARIA DE SAUDE DA PREFEITURA DA CIDADE DO RECIFE;2258575.0;2022/01/07 09:00:00.000
COMISSÃO PERMANENTE DE LICITAÇÃO  - EMPREL;2021;3;PREGÃO ELETRÔNICO;3;2021;EMPRESA MUNICIPAL DE INFORMÁTICA - EMPREL;AQUISICAO DE SOLUCAO DE DISTRIBUICAO DE STREAMING DE VIDEO E AUDIO.COM GERENCIAMENTO .CONTEMPLANDO SERVICOS DE ASSISTENCIA TECNICA E SUPORTE TECNICO.COM MANUTENCAO CORRETIVA . INCLUINDO ATUALIZACAO DE VERSAO.REVISOES E OU DISTRIBUICOES RELEASES E CORRECOES PATCHES E COMPONENTES DE SOFTWARE.;0.0;2021/03/16 10:00:00.000
COMISSÃO PERMANENTE DE LICITAÇÃO  - EMPREL;2021;4;PREGÃO ELETRÔNICO;4;2021;EMPRESA MUNICIPAL DE INFORMÁTICA - EMPREL;REGISTRO DE PRECOS PARA CONTRATACAO DE PESSOA JURIDICA ESPECIALIZADA NO FORNECIMENTO DE  BATERIAS ESTACIONARIAS CONTROLADAS POR VALVULAS A SER APLICADA NOS NOBREAKS DO DATACENTER DA EMPREL   EMPRESA MUNICIPAL DE INFORMATICA E NA PREFEITURA DO RECIFE. CONFORME ESPECIFICACOES CONSTANTES NO TERMO DE REFERENCIA.;0.0;2021/06/03 12:30:00.000
COMISSÃO PERMANENTE DE LICITAÇÃO  - EMPREL;2021;13;PREGÃO ELETRÔNICO;12;2021;EMPRESA MUNICIPAL DE INFORMÁTICA - EMPREL;REGISTRO DE PRECOS PARA A AQUISICAO DE SOLUCAO DE REDE SEM FIO  WLAN . INDOOR E OUTDOOR. TENDO POR BASE EQUIPAMENTOS DOS FABRICANTES COMMSCOPE RUCKUS E EXTREME NETWORKS. ENGLOBANDO EQUIPAMENTOS.RENOVACAO DE SUPORTE DE SOFTWARE DE GERENCIAMENTO COM ATUALIZACAO DE FIRMWARE. TREINAMENTO E GARANTIA PARA A REDE CORPORATIVA DA PREFEITURA DO RECIFE.;0.0;2021/12/06 10:00:00.000
COMISSÃO PERMANENTE DE LICITAÇÃO  - EMPREL;2021;14;CHAMAMENTO PÚBLICO;2;2021;EMPRESA MUNICIPAL DE INFORMÁTICA - EMPREL;OBTENÇÃO DE SOLUÇÕES INOVADORAS PARA DESAFIOS DA CIDADE DO RECIFE.;0.0;2021/12/13 10:00:00.000
COMISSÃO PERMANENTE DE LICITAÇÃO - RECIPREV;2021;1;PREGÃO ELETRÔNICO;1;2021;AUTARQUIA MUNICIPAL DE PREVIDÊNCIA E ASSISTÊNCIA À SAÚDE DOS SERVIDORES - RECIPREV;CONTRATACAO DE PESSOA JURIDICA ESPECIALIZADA NA EXECUCAO DE SERVICOS DE ASSESSORIA E CONSULTORIA TECNICA;5390782.56;2021/05/20 10:00:00.000
COMISSÃO DE LICITAÇÃO - EMLURB;2022;11;CONCORRÊNCIA;8;2022;EMLURB - AUTARQUIA DE MANUTENÇÃO E LIMPEZA URBANA;"SERVICO DE RECUPERACAO ESTRUTURAL DA PONTE SANTA ISABEL. QUE LIGA O BAIRRO DA BOA VISTA
AO BAIRRO SANT. ANTONIO NA CIDADE DO RECIFE/PE PONTE SANTA ISABEL .";11433391.1;2022/10/04 09:00:00.000
COMISSÃO DE LICITAÇÃO - EMLURB;2022;16;LEILÃO;1;2022;EMLURB - AUTARQUIA DE MANUTENÇÃO E LIMPEZA URBANA;LEILÃO PARA VENDA DE MÓVEIS INSERVÍVEIS AO PATRIMÔNIO PÚBLICO DA EMLURB.;2926796.45;2022/06/22 10:00:00.000
COMISSÃO DE LICITAÇÃO - EMLURB;2022;19;CONCORRÊNCIA;15;2022;EMLURB - AUTARQUIA DE MANUTENÇÃO E LIMPEZA URBANA;CONT DE EMP DE ENG ESPEC EM ILUMIN PUB PARA FORNEC E INST DE LUMIN CON TEC LED E REDE ELETR PARA ILUMIN PEDONAL DO POLIGONO VIARIO DA AGAMENOM MAGALHAES   RECIFE PE.;18951578.0;2022/09/28 09:00:00.000
COMISSÃO DE LICITAÇÃO - EMLURB;2022;23;CONCORRÊNCIA;17;2022;EMLURB - AUTARQUIA DE MANUTENÇÃO E LIMPEZA URBANA;PROJETO BASICO PARA CONTRATACAO DOS SERVICOS DE MANUTENCAO CORRETIVA DO SISTEMA VIARIO DA CIDADE DO RECIFE.;79458782.37;2022/10/06 09:00:00.000
COMISSÃO DE LICITAÇÃO - EMLURB;2022;25;CONCORRÊNCIA;19;2022;EMLURB - AUTARQUIA DE MANUTENÇÃO E LIMPEZA URBANA;SERVICOS DE MANUTENCAO PREVENTIVA DO SISTEMA VIARIO A CIDADE DO RECIFE.;184015272.78;2022/10/07 09:00:00.000
COMISSÃO DE LICITAÇÃO - EMLURB;2022;26;CONCORRÊNCIA;20;2022;EMLURB - AUTARQUIA DE MANUTENÇÃO E LIMPEZA URBANA;SERVICO DE MANUTENCAO CORRETIVA DE VIAS NAO PAVIMENTADAS DO SISTEMA VIARIO DA CIDADE DO RECIFE.;4365126.2;2022/10/14 09:00:00.000
COMISSÃO DE LICITAÇÃO - EMLURB;2022;27;TOMADA DE PREÇOS;5;2022;EMLURB - AUTARQUIA DE MANUTENÇÃO E LIMPEZA URBANA;SERVICOS DE MANUTENCAO E RECUPERACAO AMBIENTAL DO ATERRO CONTROLADO DA MURIBECA.;1149215.62;2022/10/18 09:00:00.000
COMISSÃO DE LICITAÇÃO - EMLURB;2022;29;LEILÃO;2;2022;EMLURB - AUTARQUIA DE MANUTENÇÃO E LIMPEZA URBANA;VENDAS DE BENS MÓVEIS INSERVÍVEIS AO PATRIMÔNIO PÚBLICO;1.0;2022/11/04 10:00:00.000
COMISSÃO DE LICITAÇÃO - EMLURB;2022;32;TOMADA DE PREÇOS;7;2022;EMLURB - AUTARQUIA DE MANUTENÇÃO E LIMPEZA URBANA;DESENVOLVIMENTO DE ESTUDOS E ELABORACAO DE PROJETOS DE ILUMINACAO DE PRACAS. EDIFICACOES E MONUMENTOS HISTORICOS DA CIDADE DO RECIFE.;1062090.7;2022/11/16 09:00:00.000
COMISSÃO ESPECIAL DE LICITAÇÃO DA SECRETARIA DE SANEAMENTO - CELSS;2022;4;CONCORRÊNCIA;4;2022;SECRETARIA DE SANEAMENTO;EXECUCAO DA REDE COLETORA DE SES BEBERIBE   SISTEMA INTEGRADO DE ESGOTAMENTO SANITARIO DOS BAIRROS DE DOIS UNIDOS. LINHA DO TIRO. BEBERIBE. PORTO DA MADEIRA E FUNDAO. NO MUNICIPIO DO RECIFE.;46876411.68;2022/08/11 10:00:00.000
COMISSÃO ESPECIAL DE LICITAÇÃO DA SECRETARIA DE SANEAMENTO - CELSS;2022;5;CONCORRÊNCIA;5;2022;SECRETARIA DE SANEAMENTO;EXECUCAO DAS OBRAS DE IMPLANTACAO DE UMA PONTE NA AVENIDA MARGINAL DO RIO BEBERIBE SOBRE O CANAL VASCO DA GAMA LIGANDO OS BAIRROS DE CAMPO GRANDE E CAMPINA DO BARRETO NA CIDADE DO RECIFE;12821168.41;2022/11/08 10:00:00.000
COMISSÃO ESPECIAL DE LICITAÇÃO DE OBRAS E SERVIÇOS DE ENGENHARIA - CELOSE;2022;1;CONCORRÊNCIA;1;2022;SECRETARIA DE EDUCAÇÃO;EXECUCAO DAS OBRAS DE CONSTRUCAO E REQUALIFICACAO DE 5 QUADRAS QUADRAS POLIESPORTIVAS E VESTIARIOS DA SECRETARIA DE EDUCACAO DO RECIFE.;6712839.81;2022/09/23 14:00:00.000
COMISSÃO ESPECIAL DE LICITAÇÃO DE OBRAS E SERVIÇOS DE ENGENHARIA - CELOSE;2022;2;PREGÃO ELETRÔNICO;1;2022;SECRETARIA DE EDUCAÇÃO;CONTRATACAO DE UMA EMPRESA NA PRESTACAO DE SERVICOS DE ENGENHARIA PARA EXECUCAO DE SERVICOS CONTINUOS DE LIMPEZA E HIGIENIZACAO DOS RESERVATORIOS DE AGUA DAS UNIDADES EDUCACIONAIS;889869.47;2022/10/20 14:00:00.000
COMISSÃO ESPECIAL DE LICITAÇÃO DE OBRAS E SERVIÇOS DE ENGENHARIA - CELOSE;2022;3;CONCORRÊNCIA;2;2022;SECRETARIA DE EDUCAÇÃO;CONTRATACAO DE EMPRESA PARA PRESTACAO DE SERVICOS DE ENGENHARIA PARA EXECUCAO DA REFORMA COM REQUALIFICACAO E AMPLIACAO DE SALAS DE AULAS E AMBIENTES DE 05  CINCO  UNIDADES ESCOLAR DE EDUCACAO.;7463159.62;2022/11/10 14:00:00.000
COMISSÃO ESPECIAL DE LICITAÇÃO DE OBRAS E SERVIÇOS DE ENGENHARIA - CELOSE;2022;4;TOMADA DE PREÇOS;1;2022;SECRETARIA DE EDUCAÇÃO;REFORMA COM AMPLIACAO DA CRECHE ESCOLA MUNICIPAL ANA ROSA FALCAO LOCALIZADA NA RUA JOAO LIRA. S/N. SANTO AMARO;869864.53;2022/11/04 14:00:00.000
COMISSÃO ESPECIAL DE LICITAÇÃO - FCCR;2022;3;PREGÃO ELETRÔNICO;2;2022;FUNDAÇÃO DE CULTURA CIDADE DO RECIFE - FCCR;CONTRATACAO DE EMPRESA PARA CESSAO. MONTAGEM. MANUTENCAO E DESMONTAGEM DOS ELEMENTOS QUE COMPOEM A INFRAESTRUTURA DE PALCOS. QUE SERAO UTILIZADOS NOS EVENTOS PROMOVIDOS PELA FCCR.;2468157.16;2022/10/21 11:00:00.000
COMISSÃO ESPECIAL DE LICITAÇÃO - FCCR;2022;4;PREGÃO ELETRÔNICO;3;2022;FUNDAÇÃO DE CULTURA CIDADE DO RECIFE - FCCR;CONTRATACAO DE EMPRESAS PARA CESSAO E MAO DE OBRA DE EQUIPAMENTOS DE SISTEMAS DE PROJECAO EM PAINEIS DE LED.;1019600.0;2022/10/24 11:00:00.000
COMISSÃO ESPECIAL DE LICITAÇÃO - GABPE;2022;2;TOMADA DE PREÇOS;2;2022;SECRETARIA DE CULTURA;CONTRATAÇÃO DE EMPRESA PARA ELABORAÇÃO DE LAUDO TÉCNICO ESTRUTURAL, PROJETOS PARA REFORMA DO EDIFÍCIO SEDE SECULT/FCCR, LOCALIZADO NA AVENIDA MARQUÊS DE OLINDA, BAIRRO DO RECIFE;318579.35;2022/04/07 10:30:00.000
COMISSÃO ESPECIAL DE LICITAÇÃO - GABPE;2022;4;TOMADA DE PREÇOS;3;2022;SECRETARIA DE ESPORTES;CONTRATACAO DE EMPRESA DE ENGENHARIA PARA EXECUCAO DAS OBRAS E SERVICOS DE CONSTRUCAO DOS CAMPOS SOCIETY LOCALIZADOS NOS BAIRROS DO PINA E UR 2 IBURA NA CIDADE DO RECIFE.;701203.01;2022/02/15 10:30:00.000
COMISSÃO ESPECIAL DE LICITAÇÃO - GABPE;2022;5;TOMADA DE PREÇOS;4;2022;SECRETARIA DE ESPORTES;CONTRATACAO DE EMPRESA DE ENGENHARIA PARA EXECUCAO DAS OBRAS E SERVICOS DE CONSTRUCAO DAS QUADRAS DE FUTEVOLEI LOCALIZADAS NOS BAIRROS DE ILHA DE DEUS E UR 2 IBURA NA CIDADE DO RECIFE;470539.4;2022/02/16 10:30:00.000
COMISSÃO ESPECIAL DE LICITAÇÃO - GABPE;2022;9;CONCORRÊNCIA;1;2022;GABINETE DE PROJETOS ESPECIAIS;CONTRATACAO DE EMPRESA PARA PRESTACAO DE SERVICOS DE ENGENHARIA VISANDO A PROTECAO DE TALUDES E BARREIRAS COM REVESTIMENTO EM GEOCOMPOSTO DE PVC COM COBERTURA DE PROTECAO MECANICA.;22817040.14;2022/04/18 10:30:00.000
COMISSÃO ESPECIAL DE LICITAÇÃO - GABPE;2022;12;TOMADA DE PREÇOS;6;2022;SECRETARIA DE ESPORTES;CONTRATACAO DE EMPRESA DE ENGENHARIA PARA EXECUCAO DA OBRA E SERVICOS DA SUBESTACAO DO TIPO ABRIGADA COM CAPACIDADE 3.000 KVA EM EQUIPAMENTO PUBLICO. LOCALIZADO NA CIDADE DO RECIFE.;459298.49;2022/06/22 10:30:00.000
COMISSÃO ESPECIAL DE LICITAÇÃO - GABPE;2022;22;TOMADA DE PREÇOS;12;2022;GABINETE DE PROJETOS ESPECIAIS;"CONTRATACAO DE EMP ESPECIALIZADA P ELABORACAO DOS PROJETOS BASIC E EXECUT DE
ARQUIT. PAISAG. URBANISMO E INFRAESTRUTURA E COMPLEMENTARES DE ENG P REQUALIFICACAO DA ORLA NA CIDADE DO RECIFE.";3144611.86;2022/05/13 10:30:00.000
COMISSÃO ESPECIAL DE LICITAÇÃO - GABPE;2022;27;TOMADA DE PREÇOS;15;2022;SECRETARIA DE HABITAÇÃO;ELAB. DE ANTEPROJETO E PROJETO BASICO DE ARQUITETURA . RESTAURO E PAISAGISMO E COMPLEMENTARES DE ENGENHARIA  PARA CONSTRUCAO DO COMPLEXO DE CONVIVENCIA DO IDOSO   VILA CONCEICAO;714494.93;2022/05/26 10:30:00.000
COMISSÃO ESPECIAL DE LICITAÇÃO - GABPE;2022;34;CONCORRÊNCIA;5;2022;SECRETARIA DE EDUCAÇÃO;CONTRATACAO DE EMPRESA PARA PRESTACAO DE SERVICOS DE ENGENHARIA PARA CONSTRUCAO DA CRECHE AEROCLUBE. SITUADA NA RUA TOME GIBSON. TRECHO DA RUA 03 QUADRA C1 SETOR 1. PINA. CIDADE DO RECIFE/PE;4966229.7;2022/09/06 10:00:00.000
COMISSÃO ESPECIAL DE LICITAÇÃO - GABPE;2022;35;TOMADA DE PREÇOS;16;2022;GABINETE DE PROJETOS ESPECIAIS;GERENCIAMENTO. SUPERVISAO E FISCALIZACAO DAS OBRAS DOS CENTROS COMUNITARIOS DA PAZ   COMPAZ E CRECHES.;3086317.33;2022/09/20 10:30:00.000
COMISSÃO ESPECIAL DE LICITAÇÃO - GABPE;2022;36;CONCORRÊNCIA;6;2022;GABINETE DE PROJETOS ESPECIAIS;CONSTRUCAO DO CENTRO COMUNITARIO DA PAZ   COMPAZ. LOCALIZADO NO BAIRRO DO PINA.;15000057.78;2022/09/09 10:30:00.000
COMISSÃO ESPECIAL DE LICITAÇÃO - GABPE;2022;37;CONCORRÊNCIA;7;2022;GABINETE DE PROJETOS ESPECIAIS;"CONTRATACAO DE EMPRESA DE ENHENHARIA PARA EXECUCAO DA OBRA E SERVICOS DE CONSTRUCAO DA UNIDADE
BASICA DE SAUDE LOCALIZADA NO PINA. DISTRITO SANITARIO VI. NA CIDADE DO RECIFE";4234845.43;2022/09/12 10:30:00.000
COMISSÃO ESPECIAL DE LICITAÇÃO - GABPE;2022;39;TOMADA DE PREÇOS;17;2022;GABINETE DE PROJETOS ESPECIAIS;ELABORACAO DE PROJETOS BASICOS E XECUTIVOS DE ARQUITETURA. PAISAGISMO E COMPLEMENTARES DE ENGENHARIA PARA CONSTRUCAO DO HOSPITAL DA CRIANCA E CENTRO ESPECIALIZADO EM REABILITACAO   CER II.;3004377.71;2022/09/28 10:30:00.000
COMISSÃO ESPECIAL DE LICITAÇÃO PARA O PROGRAMA DE EFICÊNCIA MUNICIPAL - CELPEM;2022;4;PREGÃO ELETRÔNICO;2;2022;PROCURADORIA GERAL DO MUNICÍPIO;PRESTACAO DE SERVICO PARA NOTIFICACAO DE INCLUSAO EM CADASTRO RESTRITIVO DE PROTECAO AO CREDITO;439050.0;2022/05/06 09:00:00.000
COMISSÃO ESPECIAL DE LICITAÇÃO PARA O PROGRAMA DE EFICÊNCIA MUNICIPAL - CELPEM;2022;10;PREGÃO ELETRÔNICO;8;2022;SECRETARIA DE GOVERNO E PARTICIPAÇÃO SOCIAL;REGISTRO DE PRECOS . COM VALIDADE DE 12 MESES PARA AQUISICAO DE MATERIAL GRAFICO. COM 04 LOTES.;44445.75;2022/11/03 09:00:00.000
COMISSÃO ESPECIAL DE LICITAÇÃO PARA O PROGRAMA DE EFICÊNCIA MUNICIPAL - CELPEM;2022;12;PREGÃO ELETRÔNICO;10;2022;SECRETARIA DA MULHER;FORMACAO DE REGISTRO DE PRECOS PARA CONTRATACAO DE EMPRESA ESPECIALIZADA NO FORNECIMENTO DE REFEICOES. SOB DEMANDA.;201446.0;2022/10/31 09:00:00.000
COMISSÃO PERMANENTE DE LICITAÇÃO - CTTU;2022;12;PREGÃO ELETRÔNICO;11;2022;CTTU - AUTARQUIA DE TRÂNSITO E TRANSPORTE URBANO DO RECIFE;CONTRATACAO DE EMPRESA ESPECIALIZADA EM PRESTACAO DE SERVICOS DE LOCACAO DE SISTEMA DE RADIOCOMUNICACAO DIGITAL. PARA SUPRI A NECESSIDADE DESTA AUTARQUIA. POR UM PERIODO DE 12 MESES.;2966010.0;2022/08/22 10:00:00.000
COMISSÃO PERMANENTE DE LICITAÇÃO - CTTU;2022;13;PREGÃO ELETRÔNICO;12;2022;CTTU - AUTARQUIA DE TRÂNSITO E TRANSPORTE URBANO DO RECIFE;CONTRATACAO DE EMPRESA ESPECIALIZADA PARA A AQUISICAO DE ELEMENTOS BALIZADORES DE TRAFEGO VIARIO PARA SURPI A NECESSIDADE DESTA AUTARQUIA.;1031598.0;2022/09/16 10:00:00.000
COMISSÃO PERMANENTE DE LICITAÇÃO - CTTU;2022;15;PREGÃO ELETRÔNICO;14;2022;CTTU - AUTARQUIA DE TRÂNSITO E TRANSPORTE URBANO DO RECIFE;CONTRATACAO DE EMPRESA ESPECIALIZADA PARA FORNECIMENTO DE MATERIAIS E EQUIPAMENTOS DA REDE SEMAFORICA DA CIDADE DO RECIFE PARA SUPRIR AS NECEDDIDADES DESTA AUTARQUIA.;10068992.7;2022/11/03 10:00:00.000
COMISSÃO PERMANENTE DE LICITAÇÃO - CTTU;2022;16;PREGÃO ELETRÔNICO;15;2022;CTTU - AUTARQUIA DE TRÂNSITO E TRANSPORTE URBANO DO RECIFE;CONTRATACAO DE EMPRESA ESPECIALIZADA NA PRESTACAO DO SERVICO DE ADMINISTRACAO E FORNECIMENTO DE CARTOES REFEICOES;851701.2;2022/09/23 10:00:00.000
COMISSÃO PERMANENTE DE LICITAÇÃO - CTTU;2022;17;PREGÃO ELETRÔNICO;16;2022;CTTU - AUTARQUIA DE TRÂNSITO E TRANSPORTE URBANO DO RECIFE;CONTRATACAO DE EMPRESA ESPECIALIZADA EM INSTALACAO E MANUTENCAO CORRETIVA E PREVENTIVA DE CONDICIONADORES DE AR PARA SUPRIR AS NECESSIDADES DESTA AUTARQUIA DE TRANSITO;131623.4;2022/11/04 10:00:00.000
COMISSÃO PERMANENTE DE LICITAÇÃO DE COMPRAS CORPORATIVAS - CPLCC (GGLIC/SEPLAGTD);2022;15;PREGÃO ELETRÔNICO;14;2022;SECRETARIA DE PLANEJAMENTO, GESTÃO E TRANSFORMAÇÃO DIGITAL;AQUISICAO DE MATERIAL DE EXPEDIENTE. 9  NOVE  LOTES. PARA ATENDER AS NECESSIDADES DOS ORGAOS E ENTIDADES INTEGRANTES DO PODER EXECUTIVO MUNICIPAL.;1038938.96;2022/10/04 09:00:00.000
COMISSÃO PERMANENTE DE LICITAÇÃO DE EDUCAÇÃO - CPLE (GGLIC/SEPLAGTD);2022;1;PREGÃO ELETRÔNICO;1;2022;SECRETARIA DE EDUCAÇÃO;REGISTRO DE PRECOS COM VALIDADE DE 12  DOZE  MESES PARA AQUISICAO DE BRINQUEDOS ESTRUTURADOS E NAO ESTRUTURADOS.PARA ATENDER AS NECESSIDADES DOS ESTUDANTES DA SECRETARIA DE EDUCACAO DO RECIFE.;23582830.2;2022/01/21 10:00:00.000
COMISSÃO PERMANENTE DE LICITAÇÃO DE EDUCAÇÃO - CPLE (GGLIC/SEPLAGTD);2022;2;PREGÃO ELETRÔNICO;2;2022;FUNDO MUNICIPAL DE SAÚDE - FMS;REGISTRO DE PRECOS. COM VALIDADE DE 12 DOZE  MESES PARA A CONTRATACAO DE EMPRESA ESPECIALIZADA NA PRODUCAO E DISTRIBUICAO DE REFEICOES TRANSPORTADAS E NAO TRANSPORTADAS  DAS UNIDADES DE SAUDE DA SECRETARIA DE SAUDE DA PREFEITURA DO RECIFE 03 LOTES.;20202046.21;2022/01/25 10:00:00.000
COMISSÃO PERMANENTE DE LICITAÇÃO DE EDUCAÇÃO - CPLE (GGLIC/SEPLAGTD);2022;13;PREGÃO ELETRÔNICO;13;2022;SECRETARIA DE EDUCAÇÃO;REGISTRO DE PRECOS COM VALIDADE DE 12  DOZE  MESES. PARA AQUISICAO DE MATERIAIS EDUCATIVOS  DIDATICOS. RECREATIVOS E LUDICOS .;8996398.95;2022/09/28 10:00:00.000
COMISSÃO PERMANENTE DE LICITAÇÃO DE EDUCAÇÃO - CPLE (GGLIC/SEPLAGTD);2022;28;PREGÃO ELETRÔNICO;28;2022;FUNDO MUNICIPAL DE SAÚDE - FMS;REGISTRO DE PRECO COM VALIDADE DEC 12   DOZE  MESES PARA AQUISICAO DE CAPA DE CHUVAS CI 206/2022 GEVACZ;103390.0;2022/10/25 09:00:00.000
COMISSÃO PERMANENTE DE LICITAÇÃO DE EDUCAÇÃO - CPLE (GGLIC/SEPLAGTD);2022;29;PREGÃO ELETRÔNICO;29;2022;FUNDO MUNICIPAL DE SAÚDE - FMS;REGISTRO DE PRECO VALIDADE 12 MESES A CONTRATACAO DE EMPRESA ESPECIALIZADA EM FABRICACAO DE MOBILIARIO SOB MEDIDA LOTE UNICO  PARA AS UNIDADES DE SAUDE DA SECRETARIA DE SAUDE DA PREFEITURA DO RECIFE;11163677.33;2022/10/13 10:00:00.000
COMISSÃO PERMANENTE DE LICITAÇÃO DE EDUCAÇÃO - CPLE (GGLIC/SEPLAGTD);2022;30;CHAMAMENTO PÚBLICO;1;2022;SECRETARIA DE EDUCAÇÃO;AQUISICAO DE GENEROS ALIMENTICIOS DA AGRICULTURA FAMILIAR PARA ALIMENTACAO ESCOLAR.;5397633.96;2022/11/23 10:00:00.000
COMISSÃO PERMANENTE DE LICITAÇÃO DE MATERIAIS - CPLM (GGLIC/SEPLAGTD);2022;7;PREGÃO ELETRÔNICO;7;2022;FUNDO MUNICIPAL DE SAÚDE - FMS;REGISTRO DE PRECOS. COM VALIDADE DE 12 MESES. PARA AQUISICAO DE DESFIBRILADORES EM 2 LOTES. VISANDO ATENDER AS NECESSIDADES DA SECRETARIA DE SAUDE DO RECIFE;652227.08;2022/11/08 09:00:00.000
COMISSÃO PERMANENTE DE LICITAÇÃO DE MATERIAIS - CPLM (GGLIC/SEPLAGTD);2022;19;PREGÃO ELETRÔNICO;17;2022;SECRETARIA DE EDUCAÇÃO;CONSTITOU POR OBJETO DE REGITRO  DE PRECO. COM VALIDADE DEOZE MESES. A AQUISICAO DE CADEIRAS FIXAS E GIRATORIAS.;3042605.5;2022/06/03 09:00:00.000
COMISSÃO PERMANENTE DE LICITAÇÃO DE MATERIAIS - CPLM (GGLIC/SEPLAGTD);2022;24;PREGÃO ELETRÔNICO;21;2022;SECRETARIA DE EDUCAÇÃO;MOBILIARIO CONSTITUIDO DE ARMARIO DE ACO.;3449270.96;2022/09/22 10:00:00.000
COMISSÃO PERMANENTE DE LICITAÇÃO DE MATERIAIS - CPLM (GGLIC/SEPLAGTD);2022;25;PREGÃO ELETRÔNICO;22;2022;SECRETARIA DE INFRAESTRUTURA;AQUISICAO DE ROLOS DE LONA EM PLASTICO MEDINDO NO MINIMO 8M X 100M. PIQUETES DE MADEIRA MISTA E ARAME GALVANIZADO;15654303.14;2022/07/05 09:00:00.000
COMISSÃO PERMANENTE DE LICITAÇÃO DE MATERIAIS - CPLM (GGLIC/SEPLAGTD);2022;29;PREGÃO ELETRÔNICO;26;2022;FUNDO MUNICIPAL DE SAÚDE - FMS;REGISTRO DE PRECOS COM VALIDADE DE 12   DOZE  MESES PARA AQUISICAO DE PNEUS PARA ATENDER AS DEMANDA DO SAMU CI 071/2022 SAMU;493693.34;2022/10/20 09:00:00.000
COMISSÃO PERMANENTE DE LICITAÇÃO DE MATERIAIS - CPLM (GGLIC/SEPLAGTD);2022;30;PREGÃO ELETRÔNICO;27;2022;FUNDO MUNICIPAL DE SAÚDE - FMS;REGISTRO DE PRECOS COM VALIDADE DE 12   DOZE  MESES PARA AQUISICAO DE BOTAS EM COURO DE VAQUETA CI 079/2022 SAMU;272541.25;2022/10/18 09:00:00.000
COMISSÃO PERMANENTE DE LICITAÇÃO DE MATERIAIS - CPLM (GGLIC/SEPLAGTD);2022;31;PREGÃO ELETRÔNICO;28;2022;SECRETARIA DA MULHER;EQUIPAMENTOS DE AUDIO E VIDEO;150256.15;2022/11/09 09:00:00.000
COMISSÃO PERMANENTE DE LICITAÇÃO DE MATERIAIS DE SAÚDE - CPLMSA (GGLIC/SEPLAGTD);2022;8;PREGÃO ELETRÔNICO;8;2022;FUNDO MUNICIPAL DE SAÚDE - FMS;REGISTRO DE PRECOS. PELO PERIODO DE 12  DOZE  MESES. PARA AQUISICAO DE ULTRASSONS E TRANSDUTORES   EQUIPAMENTOS MEDICOS HOSPITALARES  EM 12  DOZE  LOTES. PARA SEREM UTILIZADOS NA REDE MUNICIPAL DE SAUDE DA SECRETARIA DE SAUDE DA PREFEITURA DA CIDADE DO RECIFE;999059.0;2022/02/25 09:00:00.000
COMISSÃO PERMANENTE DE LICITAÇÃO DE MATERIAIS DE SAÚDE - CPLMSA (GGLIC/SEPLAGTD);2022;28;PREGÃO ELETRÔNICO;28;2022;FUNDO MUNICIPAL DE SAÚDE - FMS;REGISTRO DE PRECOS. COM VALIDADE DE 12 MESES. PARA A AQUISICAO DE MOBILIARIO HOSPITALAR EM 18 LOTES. PARA ATENDER AS NECESSIDADES DA SECRETARIA DE SAUDE DO RECIFE;1760512.48;2022/07/22 09:00:00.000
COMISSÃO PERMANENTE DE LICITAÇÃO DE MATERIAIS DE SAÚDE - CPLMSA (GGLIC/SEPLAGTD);2022;34;PREGÃO ELETRÔNICO;34;2022;FUNDO MUNICIPAL DE SAÚDE - FMS;REGISTRO DE PRECOS COM VALIDADE DE 12  DOZE  MESES PARA AQUISICAO DE COMPRESSORES TORACICOS 02  DOIS  LOTES. VISANDO ATENDER A DEMANDA DA SECRETARIA DE SAUDE DO RECIFE.;2008881.0;2022/09/01 09:00:00.000
COMISSÃO PERMANENTE DE LICITAÇÃO DE MATERIAIS DE SAÚDE - CPLMSA (GGLIC/SEPLAGTD);2022;39;PREGÃO ELETRÔNICO;39;2022;FUNDO MUNICIPAL DE SAÚDE - FMS;REGISTRO DE PRECOS. COM VALIDADE DE 12 MESES. PARA A AQUISICAO DE EQUIPAMENTOS PARA EQUIPAGEM LABORATORIAL EM 7 LOTES. PARA ATENDER AS NECESSIDADES DA SECRETARIA DE SAUDE DO RECIFE;1385822.24;2022/09/15 09:00:00.000
COMISSÃO PERMANENTE DE LICITAÇÃO DE MATERIAIS DE SAÚDE - CPLMSA (GGLIC/SEPLAGTD);2022;40;PREGÃO ELETRÔNICO;40;2022;FUNDO MUNICIPAL DE SAÚDE - FMS;REGISTRO DE PRECOS. COM VALIDADE DE 12 MESES. PARA A AQUISICAO DE MOBILIARIO HOSPITALAR EM 13 LOTES. PARA ATENDER AS NECESSIDADES DA SECRETARIA DE SAUDE DO RECIFE;1354886.63;2022/09/22 09:00:00.000
COMISSÃO PERMANENTE DE LICITAÇÃO DE MATERIAIS DE SAÚDE - CPLMSA (GGLIC/SEPLAGTD);2022;41;PREGÃO ELETRÔNICO;41;2022;FUNDO MUNICIPAL DE SAÚDE - FMS;REGISTRO DE PRECOS. COM VALIDADE DE 12  DOZE  MESES. PARA A AQUISICAO DE MEDICAMENTOS 20  VINTE  LOTES. PARA ATENDER AS NECESSIDADES DA SECRETARIA DE SAUDE DA PREFEITURA DA CIDADE DO RECIFE.;2793005.53;2022/09/30 09:00:00.000
COMISSÃO PERMANENTE DE LICITAÇÃO DE MATERIAIS DE SAÚDE - CPLMSA (GGLIC/SEPLAGTD);2022;42;PREGÃO ELETRÔNICO;42;2022;FUNDO MUNICIPAL DE SAÚDE - FMS;REGISTRO DE PRECOS. COM VALIDADE DE 12  DOZE  MESES. PARA A AQUISICAO DE MATERIAL MEDICO HOSPITALAR 19 LOTES. PARA ATENDER AS NECESSIDADES DA SECRETARIA DE SAUDE DO RECIFE.;763354.07;2022/10/03 09:00:00.000
COMISSÃO PERMANENTE DE LICITAÇÃO DE MATERIAIS DE SAÚDE - CPLMSA (GGLIC/SEPLAGTD);2022;43;PREGÃO ELETRÔNICO;43;2022;FUNDO MUNICIPAL DE SAÚDE - FMS;REGISTRO DE PRECOS. COM VALIDADE DE 12 MESES. PARA AQUISICAO DE MEDICAMENTOS EM 14  QUATORZE  LOTES. VISANDO ATENDIMENTO DE DEMANDA DA SECRETARIA DE SAUDE DO RECIFE;2641870.96;2022/10/06 09:00:00.000
COMISSÃO PERMANENTE DE LICITAÇÃO DE MATERIAIS DE SAÚDE - CPLMSA (GGLIC/SEPLAGTD);2022;44;PREGÃO ELETRÔNICO;44;2022;FUNDO MUNICIPAL DE SAÚDE - FMS;REGISTRO DE PRECOS. PELO PERIODO DE 12 MESES. PARA AQUISICAO DE MATERIAL ODONTOLOGICO. COM 07 LOTES. PARA ATENDIMENTO DAS NECESSIDADES DA SECRETARIA DE SAUDE DA PREFEITURA DO RECIFE;96874.94;2022/10/07 09:00:00.000
COMISSÃO PERMANENTE DE LICITAÇÃO DE MATERIAIS DE SAÚDE - CPLMSA (GGLIC/SEPLAGTD);2022;46;PREGÃO ELETRÔNICO;46;2022;FUNDO MUNICIPAL DE SAÚDE - FMS;REGISTRO DE PRECO COM VALIDADE DE 12  DOZE  MESES. PARA AQUISICAO DE MEDICAMENTOS 27   VINTE E SETE  LOTES. PARA ATENDER AS NECESSIDADES DA SECRETARIA DE SAUDE DA CIDADE DO RECIFE.;2534431.28;2022/10/14 09:00:00.000
COMISSÃO PERMANENTE DE LICITAÇÃO DE OBRAS E SERVIÇOS DE ENGENHARIA - CPLOSE (GGLIC/SEPLAGTD);2022;10;PREGÃO ELETRÔNICO;7;2022;FUNDO MUNICIPAL DE SAÚDE - FMS;PROCESSO LICITATORIO CONTRATACAO DE EMPRESA ESPECIALIZADA NA PRESTACAO DE SERVICOS CONTINUADOS DE MANUTENCAO PREDIAL CIVIL PREVENTIVA E CORRETIVA NAS UNIDADES DE SAUDE DA SECRETARIA DE SAUDE DO RECIFE;33633143.22;2022/06/20 10:00:00.000
COMISSÃO PERMANENTE DE LICITAÇÃO DE OBRAS E SERVIÇOS DE ENGENHARIA - CPLOSE (GGLIC/SEPLAGTD);2022;15;PREGÃO ELETRÔNICO;11;2022;FUNDO MUNICIPAL DE SAÚDE - FMS;RP VALIDADE 12 MESES PARA CONTRATACAO DE EMPRESA ESPECIALIZADA NA EXERCUCAO DOS SERVICOS SOB DEMANDA DE NANUTENCAO PREVENTIVA CORRETIVA 4 LOTES COM REPOSICAO DE PRECAS EM APAREHOS DE AR CONDICIONADO;12251438.83;2022/09/22 10:00:00.000
COMISSÃO PERMANENTE DE LICITAÇÃO DE OBRAS E SERVIÇOS DE ENGENHARIA - CPLOSE (GGLIC/SEPLAGTD);2022;16;PREGÃO ELETRÔNICO;12;2022;SECRETARIA DE PLANEJAMENTO, GESTÃO E TRANSFORMAÇÃO DIGITAL;CONTRATACAO DE EMPRESA PARA REALIZAR A FISCALIZACAO DA OBRA DE RECUPERACAO DAS FACHADAS NORTE E SUL DO EDIFICIO SEDE DA PREFEITURA DA CIDADE DO RECIFE   PCR;594109.12;2022/09/14 10:00:00.000
COMISSÃO PERMANENTE DE LICITAÇÃO DE OBRAS E SERVIÇOS DE ENGENHARIA - CPLOSE (GGLIC/SEPLAGTD);2022;18;CONCORRÊNCIA;3;2022;SECRETARIA DE EDUCAÇÃO;CONTRATACAO DE EMPRESA NA PRESTACAO DE SERVICOS DE ENGENHARIA PARA EXECUCAO DO PLANO DE REFORMA COM REQUALIFICACAO_2. ETAPA DA SECRETARIA DE EDUCACAO EM 9  NOVE  UNIDADES EDUCACIONAIS DA RPA 3 E 4.;3665924.55;2022/10/06 14:00:00.000
COMISSÃO PERMANENTE DE LICITAÇÃO DE OBRAS E SERVIÇOS DE ENGENHARIA - CPLOSE (GGLIC/SEPLAGTD);2022;19;PREGÃO ELETRÔNICO;13;2022;SECRETARIA DE PLANEJAMENTO, GESTÃO E TRANSFORMAÇÃO DIGITAL;SERVICO DE LEVANTAMENTO TOPOGRAFICO PLANIALTIMETRICO EM AREAS SITUADAS NO MUNICIPIO DO RECIFE.;341592.0;2022/10/04 10:00:00.000
COMISSÃO PERMANENTE DE LICITAÇÃO DE OBRAS E SERVIÇOS DE ENGENHARIA - CPLOSE (GGLIC/SEPLAGTD);2022;20;CONCORRÊNCIA;4;2022;SECRETARIA DE EDUCAÇÃO;CONTRATACAO DE EMPRESA PARA PRESTACAO DE SERVICOS DE ENGENHARIA PARA ESCOLA MUNICIPAL CASA DOS FERROVIARIOS. LOCALIZADA NA RUA FALCAO DE LACERDA. N. 287. TEJIPIO. CIDADE DO RECIFE/PE.;3928496.44;2022/10/26 14:00:00.000
COMISSÃO PERMANENTE DE LICITAÇÃO DE OBRAS E SERVIÇOS DE ENGENHARIA - CPLOSE (GGLIC/SEPLAGTD);2022;21;TOMADA DE PREÇOS;2;2022;SECRETARIA DE EDUCAÇÃO;CONSTRUCAO DA UNIDADE EDUCACIONAL CRECHE ILHA DE DEUS. LOCALIZADA NA TRAVESSA SAO MARCOS. S/N. PINA. RECIFE/PE;1805621.19;2022/10/10 14:00:00.000
COMISSÃO PERMANENTE DE LICITAÇÃO DE OBRAS E SERVIÇOS DE ENGENHARIA - CPLOSE (GGLIC/SEPLAGTD);2022;22;PREGÃO ELETRÔNICO;14;2022;FUNDO MUNICIPAL DE SAÚDE - FMS;REGISTRO DE PRECOS. COM VALIDADE DE 12  DOZE  MESES PARA AQUISICAO DE SINALIZACAO VISUAL PARA EXTINTORES DE INCENDIO E CONTRATACAO DE EMPRESA PRESTACAO DE SERVICOS DE MANUTENCAO DE EXTINTORES 2 LOTES;79717.84;2022/10/07 14:00:00.000
COMISSÃO PERMANENTE DE LICITAÇÃO DE OBRAS E SERVIÇOS DE ENGENHARIA - CPLOSE (GGLIC/SEPLAGTD);2022;23;CONCORRÊNCIA;5;2022;SECRETARIA DE EDUCAÇÃO;CONTRATACAO DE EMPRESA PARA PRESTACAO DE SERVICOS DE ENGENHARIA PARA CONSTRUCAO DA CRECHE DO MONTEIRO. SITUADA NA ESTRADA DO ARRAIAL N. 4.882. CASA FORTE.;3787690.14;2022/10/31 14:00:00.000
COMISSÃO PERMANENTE DE LICITAÇÃO DE OBRAS E SERVIÇOS DE ENGENHARIA - CPLOSE (GGLIC/SEPLAGTD);2022;24;TOMADA DE PREÇOS;3;2022;SECRETARIA DE EDUCAÇÃO;CONSTRUCAO DA UNIDADE EDUCACIONAL CORREGO DO DEODATO. NA RUA CORREGO DO DEODATO. 687   RECIFE/PE.;1524733.06;2022/10/20 11:00:00.000
COMISSÃO PERMANENTE DE LICITAÇÃO DE OBRAS E SERVIÇOS DE ENGENHARIA - CPLOSE (GGLIC/SEPLAGTD);2022;25;CONCORRÊNCIA;6;2022;SECRETARIA DE EDUCAÇÃO;CONTRATACAO DE EMPRESA NA PRESTACAO DE SERVICOS DE ENGENHARIA PARA EXECUCAO DO PLANO DE REFORMA COM REQUALIFICACAO_2. ETAPA DA SECRETARIA DE EDUCACAO EM 9  NOVE  UNIDADES EDUCACIONAIS.;3367793.14;2022/11/07 14:00:00.000
COMISSÃO PERMANENTE DE LICITAÇÃO DE OBRAS E SERVIÇOS DE ENGENHARIA - CPLOSE (GGLIC/SEPLAGTD);2022;26;CONCORRÊNCIA;7;2022;SECRETARIA DE EDUCAÇÃO;CONTRATACAO DE EMPRESA NA PRESTACAO DE SERVICOS DE ENGENHARIA PARA EXECUCAO DO PLANO DE REFORMA COM REQUALIFICACAO_2. ETAPA DA SECRETARIA DE EDUCACAO EM 12  DOZE  UNIDADES EDUCACIONAIS;6023191.89;2022/11/28 14:00:00.000
COMISSÃO PERMANENTE DE LICITAÇÃO DE POLÍTICAS SOCIAIS E DESPORTO - CPLPSD (GGLIC/SEPLAGTD);2022;28;PREGÃO ELETRÔNICO;28;2022;FUNDO MUNICIPAL DE ASSISTÊNCIA SOCIAL - FMAS;REGISTRO DE PRECOS. PELO PERIODO DE 12 DOZE MESES. PARA AQUISICAO DE MATERIAIS DE HIGIENE PESSOAL EM 58 CINQUENTA E OITO LOTES. 58 CINQUENTA E OITO  ITENS. PARA ATENDER AS NECESSIDADES DA SDSDHJPD;2809223.3;2022/07/27 10:00:00.000
COMISSÃO PERMANENTE DE LICITAÇÃO DE POLÍTICAS SOCIAIS E DESPORTO - CPLPSD (GGLIC/SEPLAGTD);2022;31;PREGÃO ELETRÔNICO;31;2022;SECRETARIA DE POLÍTICA URBANA E LICENCIAMENTO;REGISTRO DE PRECOS COM VALIDADE DE 12  DOZE  MESES PARA AQUISICAO DE MOBILIARIOS.;2781445.9;2022/08/31 10:00:00.000
COMISSÃO PERMANENTE DE LICITAÇÃO DE POLÍTICAS SOCIAIS E DESPORTO - CPLPSD (GGLIC/SEPLAGTD);2022;33;PREGÃO ELETRÔNICO;33;2022;FUNDO MUNICIPAL DE SAÚDE - FMS;REGISTRO DE PRECOS. PELO PERIODO DE 12  MESES . PARA AQUISICAO EQUIPAMENTOS DE GINASTICA. COM 15 LOTES. PARA ATENDIMENTO DAS NECESSIDADES DA SECRETARIA DE SAUDE DA PREFEITURA DA CIDADE DO RECIFE;638824.99;2022/08/12 10:00:00.000
COMISSÃO PERMANENTE DE LICITAÇÃO DE POLÍTICAS SOCIAIS E DESPORTO - CPLPSD (GGLIC/SEPLAGTD);2022;37;PREGÃO ELETRÔNICO;37;2022;SECRETARIA DE FINANÇAS;CONTRATACAO DE PESSOA JURIDICA ESPECIALIZADA NO FORNECIMENTO DE SOLUCAO PARA SERVIDORES HIPERCONVERGENTES E SOLUCAO DE ARMAZENAMENTO STORAGES ALL FLASH;13905706.96;2022/10/31 10:00:00.000
COMISSÃO PERMANENTE DE LICITAÇÃO DE POLÍTICAS SOCIAIS E DESPORTO - CPLPSD (GGLIC/SEPLAGTD);2022;38;PREGÃO ELETRÔNICO;38;2022;FUNDO MUNICIPAL DE ASSISTÊNCIA SOCIAL - FMAS;AQUISICAO DE ALIMENTOS NAO PERECIVEIS;720219.89;2022/10/10 10:00:00.000
COMISSÃO PERMANENTE DE LICITAÇÃO DE SERVIÇOS - CPLS (GGLIC/SEPLAGTD);2022;5;PREGÃO ELETRÔNICO;5;2022;FUNDO MUNICIPAL DE SAÚDE - FMS;REGISTRO DE PRECOS. COM VALIDADE DE 12  DOZE  MESES. PARA A CONTRATACAO DE EMPRESA ESPECIALIZADA PARA PRESTACAO DE SERVICOS NA COBERTURA DE SEGURO AUTOMOTIVO. 7  SETE  LOTES . PARA ATENDER AS  NECESSIDADES DA  SECRETARIA DE SAUDE DA PREFEITURA DO RECIFE;12333.25;2022/02/16 09:00:00.000
COMISSÃO PERMANENTE DE LICITAÇÃO DE SERVIÇOS - CPLS (GGLIC/SEPLAGTD);2022;18;PREGÃO ELETRÔNICO;18;2022;FUNDO MUNICIPAL DE SAÚDE - FMS;REGISTRO DE PRECOS COM VALIDADE DE 12  DOZE  MESES PARA CONTRATACAO DE EMPRESA ESPECIALIZADA NA LOCACAO DE VEICULOS TIPO CAMINHAO COM MOTORISTA E COMBUSTIVEL POR CONTA DA CONTRATADA LOTE UNICO;1082160.0;2022/07/06 09:00:00.000
COMISSÃO PERMANENTE DE LICITAÇÃO DE SERVIÇOS - CPLS (GGLIC/SEPLAGTD);2022;24;PREGÃO ELETRÔNICO;24;2022;FUNDO MUNICIPAL DE SAÚDE - FMS;REG DE PRECO VAL 12 MESES PARA CONTRAT DE EMP ESPEC NA PREST DE SERV DE LOCA DE AMB TIPO B UNID  SUP BASI TIPO D UNID DE SUP AVANC COM COND EQUIP MEDIC HOSP COMB MANUT PREV CORRE PER 12 MESES 02 LOTES;16746999.0;2022/10/05 09:00:00.000
COMISSÃO PERMANENTE DE LICITAÇÃO DE SERVIÇOS - CPLS (GGLIC/SEPLAGTD);2022;25;PREGÃO ELETRÔNICO;25;2022;FUNDO MUNICIPAL DE SAÚDE - FMS;REG DE PRECOS PARA EXECUCAO EMP ESPECIALIZ DE ATIVID DE CONSERV PREDIAL DEDICACAO MAO DE OBRA FORN FERRAMTAS EQUIPMTOS FARD E EPI COLETIVA EPC  PER 12 MESES ATENDMTO DAS NECESSID SEC DE SAUDE DA PCR.;10268644.68;2022/10/14 09:00:00.000
COMISSÃO PERMANENTE DE LICITAÇÃO DE SERVIÇOS - CPLS (GGLIC/SEPLAGTD);2022;27;PREGÃO ELETRÔNICO;26;2022;CONTROLADORIA GERAL DO MUNICÍPIO;CONTRATACAO DE EMPRESA ESPECIALIZADA NO FORNECIMENTO DE SUBSCRICAO DE LICENCAS DE SOFTWARE E APLICATIVOS MICROSOFT. SUPORTE. CAPACITACAO PARA A PLATAFORMA POWER BI. E CONSULTORIA TECNICA.;1531152.13;2022/10/21 09:00:00.000
COMISSÃO PERMANENTE DE LICITAÇÃO DE SERVIÇOS DE SAÚDE - CPLSSA (GGLIC/SEPLAGTD);2022;26;PREGÃO ELETRÔNICO;26;2022;FUNDO MUNICIPAL DE SAÚDE - FMS;REGISTRO DE PRECOS. COM VALIDADE DE 12 MESES. PARA A AQUISICAO DE EQUIPAMENTOS EM 5 LOTES. PARA ATENDER AS NECESSIDADES DA SECRETARIA DE SAUDE DO RECIFE;992673.4;2022/08/08 09:00:00.000
COMISSÃO PERMANENTE DE LICITAÇÃO DE SERVIÇOS DE SAÚDE - CPLSSA (GGLIC/SEPLAGTD);2022;42;PREGÃO ELETRÔNICO;42;2022;FUNDO MUNICIPAL DE SAÚDE - FMS;REGISTRO DE PRECOS. COM VALIDADE DE 12 DOZE  MESES. PARA A AQUISICAO DE MATERIAL MEDICO HOSPITALARES. 24 LOTES. PARA ATENDER A SECRETARIA DE SAUDE DA PREFEITURA DO RECIFE.;7160087.72;2022/09/23 09:00:00.000
COMISSÃO PERMANENTE DE LICITAÇÃO DE SERVIÇOS DE SAÚDE - CPLSSA (GGLIC/SEPLAGTD);2022;44;PREGÃO ELETRÔNICO;44;2022;FUNDO MUNICIPAL DE SAÚDE - FMS;AQUISICAO IMEDIATA PARA A AQUISICAO DE METERIAL MEDICO HOSPITALAR 2  DOIS  LOTES. PARA ATENDER AS NECESSIDADES DA SECRETARIA DE SAUDE DA PREFEITURA DA CIDADE DO RECIFE;1808000.0;2022/10/07 09:00:00.000
COMISSÃO PERMANENTE DE LICITAÇÃO DE SERVIÇOS DE SAÚDE - CPLSSA (GGLIC/SEPLAGTD);2022;45;PREGÃO ELETRÔNICO;45;2022;FUNDO MUNICIPAL DE SAÚDE - FMS;REGISTRO DE PRECOS. PELO PERIODO DE 12  DOZE  MESES. AQUISICAO DE MAT. E EQUIP. MEDICO HOSP. COM 12  DOZE  LOTES. PARA ATENDER AS NECESSIDADES DA SEC. DE SAUDE DA PREFEITURA DA CIDADE DO RECIFE.;350756.05;2022/10/07 09:00:00.000
COMISSÃO PERMANENTE DE LICITAÇÃO DE SERVIÇOS DE SAÚDE - CPLSSA (GGLIC/SEPLAGTD);2022;46;PREGÃO ELETRÔNICO;46;2022;FUNDO MUNICIPAL DE SAÚDE - FMS;REGISTRO DE PRECOS. PELO PERIODO DE 12  DOZE  MESES. PARA AQUISICAO DE AGITADOR DE TUBOS TIPO VORTEX. EM 01  UM  LOTE. PARA O LABORATORIO MUNICIPAL DA SECRETARIA DE SAUDE DA PREFEITURA DO RECIFE;3252.26;2022/10/11 09:00:00.000
COMISSÃO PERMANENTE DE LICITAÇÃO DE SERVIÇOS DE SAÚDE - CPLSSA (GGLIC/SEPLAGTD);2022;47;PREGÃO ELETRÔNICO;47;2022;FUNDO MUNICIPAL DE SAÚDE - FMS;REGISTRO DE PRECOS. COM VALIDADE DE 12  DOZE  MESES. PARA AQUISICAO DE MEDICAMENTOS. 12  DOZE  LOTES. PARA ATENDER AS NECESSIDADES DA SECRETARIA DE SAUDE DA PREFEITURA DA CIDADE DO RECIFE;235801.09;2022/10/11 09:00:00.000
COMISSÃO PERMANENTE DE LICITAÇÃO DE SERVIÇOS DE SAÚDE - CPLSSA (GGLIC/SEPLAGTD);2022;49;PREGÃO ELETRÔNICO;48;2022;FUNDO MUNICIPAL DE SAÚDE - FMS;"AQUISICAO IMEDIATA PARA AQUISICOES DE MATERIAIS
MEDICOS HOSPITALARES. EM 07 LOTES VISANDO ATENDIMENTO DE DEMANDA DA SECRETARIA DE SAUDE
DO RECIFE";159996.21;2022/10/25 09:00:00.000
COMISSÃO PERMANENTE DE LICITAÇÃO DE SERVIÇOS DE SAÚDE - CPLSSA (GGLIC/SEPLAGTD);2022;50;PREGÃO ELETRÔNICO;49;2022;FUNDO MUNICIPAL DE SAÚDE - FMS;REGISTRO DE PRECO COM VALIDADE DE 12  DOZE  MESES. PARA AQUISICAO DE MATERIAL MEDICO HOSPITALAR     2   DOIS  LOTES. PARA ATENDER AS NECESSIDADES DA SECRETARIA DE SAUDE DA CIDADE DO RECIFE.;205500.0;2022/10/25 09:00:00.000
COMISSÃO PERMANENTE DE LICITAÇÃO  - EMPREL;2022;2;PREGÃO ELETRÔNICO;2;2022;EMPRESA MUNICIPAL DE INFORMÁTICA - EMPREL;CONTRATACAO DE EMPRESA ESPECIALIZADA PARA AQUISICAO DE EQUIPAMENTOS DE TECNOLOGIA DA INFORMACAO. MICROCOMPUTADORES E ACESSORIOS. PARA PROVIMENTO DAS DEMANDAS DOS ORGAOS E ENTIDADES DA ADMINISTRACAO PUBLICA MUNICIPAL DO RECIFE. INTEGRANTES DESTE PROCESSO PELO PERIODO DE 12 MESES. CONFORME ESPECIFICACOES E QUANTITATIVOS DESCRITOS NO TERMO DE REFERENCIA DO EDITAL.;0.0;2022/03/03 10:00:00.000
COMISSÃO PERMANENTE DE LICITAÇÃO  - EMPREL;2022;3;PREGÃO ELETRÔNICO;3;2022;EMPRESA MUNICIPAL DE INFORMÁTICA - EMPREL;REGISTRO DE PRECOS PARA CONTRATACAO DE PESSOA JURIDICA ESPECIALIZADA NO FORNECIMENTO DE BATERIAS ESTACIONARIAS CONTROLADAS POR VALVULAS A SER APLICADA NOS NOBREAKS DA EMPREL.;0.0;2022/04/29 11:00:00.000
COMISSÃO PERMANENTE DE LICITAÇÃO  - EMPREL;2022;4;CHAMAMENTO PÚBLICO;1;2022;EMPRESA MUNICIPAL DE INFORMÁTICA - EMPREL;SELEÇÃO E IMPLANTAÇÃO DE SOLUÇÕES VOLTADAS AO AMBIENTE DE CIDADES INTELIGENTES EITA LABS RECIFE.;0.0;2024/05/11 10:00:00.000
COMISSÃO PERMANENTE DE LICITAÇÃO  - EMPREL;2022;5;PREGÃO ELETRÔNICO;4;2022;EMPRESA MUNICIPAL DE INFORMÁTICA - EMPREL;"REGISTRO DE PRECOS PARA A CONTRATACAO DE PESSOA JURIDICA ESPECIALIZADA NO 
FORNECIMENTO DE SOLUCAO DO TIPO WAF. PARA SERVICO DE RENOVACAO E AMPLIACAO DA SOLUCAO JA ADQUIRIDA DE TIC.";0.0;2022/07/21 11:00:00.000
COMISSÃO PERMANENTE DE LICITAÇÃO  - EMPREL;2022;6;PREGÃO ELETRÔNICO;5;2022;EMPRESA MUNICIPAL DE INFORMÁTICA - EMPREL;CONTRATACAO DE EMPRESA ESPECIALIZADA PARA PRESTACAO DE SERVICOS DE CONSULTORIA PARA PLANEJAMENTO. IMPLANTACAO. AVALIACAO E CERTIFICACAO DO SISTEMA DE GESTAO DE SEGURANCA DA INFORMACAO DA EMPREL.;0.0;2022/09/16 11:00:00.000
COMISSÃO PERMANENTE DE LICITAÇÃO  - EMPREL;2022;7;PREGÃO ELETRÔNICO;6;2022;EMPRESA MUNICIPAL DE INFORMÁTICA - EMPREL;REGISTRO DE PRECOS PARA CONTRATACAO DE EMPRESA ESPECIALIZADA NA EXECUCAO. SOB DEMANDA. DE SERVICOS DE INSTALACAO E CERTIFICACAO DE INFRAESTRUTURA DE CABEAMENTO ESTRUTURADO. VOZ. DADOS. IMAGEM. IMAGEM. FIBRAS OTICAS E INSTALACAO DE REDE ELETRICA ESTABILIZADA. COM FORNECIMENTO DE MATERIAL.;0.0;2022/11/25 11:00:00.000
COMISSÃO PERMANENTE DE LICITAÇÃO  - EMPREL;2022;8;PREGÃO ELETRÔNICO;7;2022;EMPRESA MUNICIPAL DE INFORMÁTICA - EMPREL;REGISTRO DE PRECOS PARA CONTRATACAO DE FORNECIMENTO. SUPORTE E TREINAMENTO PARA EQUIPAMENTOS ATIVOS DE REDE.;0.0;2022/11/11 10:00:00.000
COMISSÃO PERMANENTE DE LICITAÇÃO - FCCR;2022;6;PREGÃO ELETRÔNICO;4;2022;FUNDAÇÃO DE CULTURA CIDADE DO RECIFE - FCCR;REGISTRO DE PRECOS. COM VALIDADE DE 12  DOZE  MESES. REFERENTE A CESSAO DE CADEIRAS. MESAS E FORROS A SEREM UTILIZADOS EM EVENTOS APOIADOS E/OU REALIZADOS PELA FCCR;170000.0;2022/10/11 11:00:00.000
COMISSÃO PERMANENTE DE LICITAÇÃO - FCCR;2022;7;PREGÃO ELETRÔNICO;5;2022;FUNDAÇÃO DE CULTURA CIDADE DO RECIFE - FCCR;PRESTACAO DOS SERVICOS DE ELABORACAO DE PROJETO EXECUTIVO DE CLIMATIZACAO. COM RESPECTIVOS DOCUMENTOS COMPLEMENTARES. PARA REFORMA E READEQUACAO DO SISTEMA DE CLIMATIZACAO CHILLER.;43800.0;2022/10/11 10:00:00.000
COMISSÃO PERMANENTE DE LICITAÇÃO - FCCR;2022;8;PREGÃO ELETRÔNICO;6;2022;FUNDAÇÃO DE CULTURA CIDADE DO RECIFE - FCCR;CONTRATACAO DOS SERVICOS DE CONFECCAO. CESSAO. MONTAGEM. MANUTENCAO E DESMONTAGEM DOS ELEMENTOS DE DECORACAO   ARVORE PRINCIPAL   CICLO NATALINO 2022;665669.64;2022/10/31 11:00:00.000
COMISSÃO PERMANENTE DE LICITAÇÃO - FCCR;2022;9;PREGÃO ELETRÔNICO;7;2022;FUNDAÇÃO DE CULTURA CIDADE DO RECIFE - FCCR;CONTRATACAO DOS SERVICOS DE CONFECCAO. CESSAO. MONTAGEM. MANUTENCAO E DESMONTAGEM DE ELEMENTOS ESTRUTURAIS. ILUMINACAO PAISAGISTICA E ELEMENTOS POSTE QUE COMPOEM A DECORACAO. QUE SERA UTILIZADA DURANTE O CICLO NATALINO 2022;2344873.18;2022/11/07 11:00:00.000
COMISSÃO PERMANENTE DE LICITAÇÃO - FCCR;2022;10;PREGÃO ELETRÔNICO;8;2022;FUNDAÇÃO DE CULTURA CIDADE DO RECIFE - FCCR;REGISTRO DE PRECOS. PELO PERIODO DE 12  DOZE  MESES. PARA A PRESTACAO DE SERVICOS DE BUFFET .COQUETEL. COFFE BREAK. REFEICOES PREPARADAS E LANCHES. EM CAMARINS E EVENTOS PARA ATENDER A DEMANDA DA FCCR.;1944500.0;2022/11/08 11:00:00.000
COMISSÃO PERMANENTE DE LICITAÇÃO - URB;2022;21;CONCORRÊNCIA;4;2022;URB RECIFE - AUTARQUIA DE URBANIZAÇÃO DO RECIFE;CONTRATACAO DE EMPRESA DE ENGENHARIA PARA EXECUCAO DAS OBRAS DE CONTENCAO DE ENCOSTAS NA CIDADE DO RECIFE PE   LOTE 14;15982227.6;2022/08/24 10:00:00.000
COMISSÃO PERMANENTE DE LICITAÇÃO - URB;2022;23;CONCORRÊNCIA;6;2022;URB RECIFE - AUTARQUIA DE URBANIZAÇÃO DO RECIFE;CONTRATACAO DE EMPRESA DE ENGENHARIA PARA EXECUCAO DAS OBRAS DE CONTENCAO DE ENCOSTAS NA CIDADE DO RECIFE/PE LOTE 15.;12291246.92;2022/08/31 10:00:00.000
COMISSÃO PERMANENTE DE LICITAÇÃO - URB;2022;25;CONCORRÊNCIA;8;2022;URB RECIFE - AUTARQUIA DE URBANIZAÇÃO DO RECIFE;CONTRATACAO DE EMPRESA DE ENGENHARIA PARA EXECUCAO DAS OBRAS DO NOVO PROGRAMA MUNICIPAL DE ENCOSTAS NA CIDADE DO RECIFE/PE LOTE 1.;21429321.47;2022/09/29 10:00:00.000
COMISSÃO PERMANENTE DE LICITAÇÃO - URB;2022;26;CONCORRÊNCIA;9;2022;URB RECIFE - AUTARQUIA DE URBANIZAÇÃO DO RECIFE;CONTRATACAO DE EMPRESA ESPECIALIZADA PARA ELABORACAO DE PROJ EXEC ENGENHARIA PARA AREAS DE ENCOSTAS E URBANIZACAO AREAS DE RISCOS VISANDO REDUCAO DE DESLIZAMENTOS RECIFE PE LOTES 01 02 E 03   FASE 02.;13402377.56;2022/10/11 10:00:00.000
COMISSÃO PERMANENTE DE LICITAÇÃO - URB;2022;27;TOMADA DE PREÇOS;7;2022;URB RECIFE - AUTARQUIA DE URBANIZAÇÃO DO RECIFE;CONTRATACAO DE EMPRESA ESPECIALIZADA PARA ELABORACAO DE PROJETO EXECUTIVO DE DIMENSIONAMENTO E REVESTIMENTO DO CANAL DO SANBRA E URBANIZACAO DE SEU ENTORNO NA CIDADE DO RECIFE PE.;579252.87;2022/09/26 10:00:00.000
COMISSÃO PERMANENTE DE LICITAÇÃO - URB;2022;28;TOMADA DE PREÇOS;8;2022;URB RECIFE - AUTARQUIA DE URBANIZAÇÃO DO RECIFE;CONTRATACAO DE EMPRESA DE ENGENHARIA PARA EXECUCAO DA OBRA DE URBANIZACAO DE ENCOSTA NA RUA NOVA MILANO_ALTO SANTA TERESINHA_RECIFE PE.;153279.74;2022/09/30 10:00:00.000
COMISSÃO PERMANENTE DE LICITAÇÃO - URB;2022;29;CONCORRÊNCIA;10;2022;URB RECIFE - AUTARQUIA DE URBANIZAÇÃO DO RECIFE;CONTRATACAO DE EMPRESA DE ENGENHARIA PARA EXECUCAO DAS OBRAS DO NOVO PROGRAMA MUNICIPAL DE ENCOSTAS NA CIDADE DO RECIFE/PE LOTE 2.;17143010.36;2022/11/01 10:00:00.000
COMISSÃO PERMANENTE DE LICITAÇÃO - URB;2022;30;CONCORRÊNCIA;11;2022;URB RECIFE - AUTARQUIA DE URBANIZAÇÃO DO RECIFE;CONTRATACAO DE EMPRESA DE ENGENHARIA PARA EXECUCAO DAS OBRAS DA PONTE AREIAS IMBIRIBEIRA PARTE INTEGRANTE DA ADEQUACAO VIARIA DA II PERIMETRAL III PERIMETRAL. RADIAL SUL E DE SISTEMAS VIARIOS COMPLEMENTARES PARA IMPLANTACAO DE CORREDORES EXCLUSIVOS DE ONIBUS NA CIDADE DO RECIFE/PE.;101430431.9;2022/11/07 10:00:00.000
COMISSÃO PERMANENTE DE LICITAÇÃO - URB;2022;31;CONCORRÊNCIA;12;2022;URB RECIFE - AUTARQUIA DE URBANIZAÇÃO DO RECIFE;CONTRATACAO DE EMPRESA DE ENGENHARIA PARA EXECUCAO DAS OBRAS DO NOVO PROGRAMA MUNICIPAL DE ENCOSTAS NA CIDADE DO RECIFE/PE LOTE 3.;10172264.92;2022/11/16 10:00:00.000
COMISSÃO PERMANENTE DE LICITAÇÃO - URB;2022;32;CONCORRÊNCIA;13;2022;URB RECIFE - AUTARQUIA DE URBANIZAÇÃO DO RECIFE;CONTRATACAO DE EMPRESA ESPECIALIZADA PARA ELABORACAO DE PROJ EXEC ENGENHARIA PARA AREAS DE ENCOSTAS E URBANIZACAO AREAS DE RISCOS VISANDO REDUCAO DE DESLIZAMENTOS RECIFE PE LOTES 01 02 E 03 FASE 03.;14339026.13;2022/11/18 10:00:00.000
COMISSÃO PERMANENTE DE LICITAÇÃO - URB;2022;33;CONCORRÊNCIA;14;2022;URB RECIFE - AUTARQUIA DE URBANIZAÇÃO DO RECIFE;CONTRATACAO DE EMPRESA DE ENGENHARIA PARA GERENCIAMENTO E SUPERVISAO OBRAS:BINARIO JEAN EMILE FAVRE PTE AREIAS IMBIRIBEIRA PQ. GRACAS CAN. IBIPORA MITIGACAO PROJ NOVO RECIFE E CAN. GUARULHOS RECIFE PE;10401789.4;2022/11/24 10:00:00.000
COMISSÃO PERMANENTE DE LICITAÇÃO - URB;2022;34;CONCORRÊNCIA;15;2022;URB RECIFE - AUTARQUIA DE URBANIZAÇÃO DO RECIFE;CONTRATACAO DE EMPRESA DE ENGENHARIA PARA EXECUCAO DAS OBRAS DO NOVO PROGRAMA MUNICIPAL DE ENCOSTAS NA CIDADE DO RECIFE/PE   LOTE 4.;9246370.25;2022/11/25 10:00:00.000
EQUIPE DE PREGÃO - EMLURB;2022;11;PREGÃO ELETRÔNICO;11;2022;EMLURB - AUTARQUIA DE MANUTENÇÃO E LIMPEZA URBANA;AQUISICAO DE LUMINARIAS E PROJETORES COM TECNOLOG LED DIMERIZAVEIS E COMPATIVEIS COM SISTEMA DE TELEGESTAO DESTINADOS A EFICIENTIZACAO ENERGETICA DO SISTEMA DE ILUMINACAO PUBLICA DA CIDADE DO RECIFE.;8284746.65;2022/05/10 09:30:00.000
EQUIPE DE PREGÃO - EMLURB;2022;13;PREGÃO ELETRÔNICO;13;2022;EMLURB - AUTARQUIA DE MANUTENÇÃO E LIMPEZA URBANA;SERVICOS DE LOCACAO DE CAMINHAO CACAMBA BASCULANTE COM MUNK. PARA TRANSPORTE DE ANIMAIS MORTOS E OUTROS DO GENERO. SEM FORNECIMENTO DE MOTORISTA E COMBUSTIVEL.;435445.0;2022/05/27 09:30:00.000
EQUIPE DE PREGÃO - EMLURB;2022;24;PREGÃO ELETRÔNICO;24;2022;EMLURB - AUTARQUIA DE MANUTENÇÃO E LIMPEZA URBANA;CONTRATACAO DE POSTOS DE SERVICO PARA LIMPEZA DOS SANITARIOS PUBLICOS DA CIDADE DO RECIFE.;3811855.2;2022/09/20 09:30:00.000
EQUIPE DE PREGÃO - EMLURB;2022;25;PREGÃO ELETRÔNICO;25;2022;EMLURB - AUTARQUIA DE MANUTENÇÃO E LIMPEZA URBANA;CONTRAT. DE EMPR. ESPEC. EM PREST. DE SERV. DE LOCAC. DE VEICU. TIPO PASSEIO. COM MOTORI. PARA TRANSP. DOS OPER. E FISCAIS DOS SERV. DE LIMP. URBA. E APOIO AS ATIV. DA CENTRAL DE CONTR. OPERA.   CCO;2999614.18;2022/07/26 09:30:00.000
EQUIPE DE PREGÃO - EMLURB;2022;27;PREGÃO ELETRÔNICO;27;2022;EMLURB - AUTARQUIA DE MANUTENÇÃO E LIMPEZA URBANA;SERVICOS DE LOCACAO DE CAMINHAO CACAMBA BASCULANTE COM MUNK. PARA TRANSPORTE DE ANIMAIS MORTOS E OUTROS DO GENERO. SEM FORNECIMENTO DE MOTORISTA E COMBUSTIVEL.;473441.5;2022/08/24 09:30:00.000
EQUIPE DE PREGÃO - EMLURB;2022;31;PREGÃO ELETRÔNICO;31;2022;EMLURB - AUTARQUIA DE MANUTENÇÃO E LIMPEZA URBANA;FORNECIMENTO DE MATERIAL ELETRICO DESTINADOS A MANUTENCAO REQUALIFICACAO E EXPANSAO DO SISTEMA DE ILUMINACAO PUBLICA DA CIDADE DO RECIFE CABOS E FIOS ELETRICOS;4442630.5;2022/09/12 09:30:00.000
EQUIPE DE PREGÃO - EMLURB;2022;32;PREGÃO ELETRÔNICO;32;2022;EMLURB - AUTARQUIA DE MANUTENÇÃO E LIMPEZA URBANA;AQUISICAO DE EQUIPAMENTO DE PROTECAO INDIVIDUAL  EPI FARDAMENTOS UNIFORMES. EM ATENDIMENTO AS ESPECIFICACOES E QUANTITATIVOS CONSTANTES NO ITEM 4.0;1242928.2;2022/09/23 09:30:00.000
EQUIPE DE PREGÃO - EMLURB;2022;33;PREGÃO ELETRÔNICO;33;2022;EMLURB - AUTARQUIA DE MANUTENÇÃO E LIMPEZA URBANA;AQUISICAO DE EQUIPAMENTO DE PROTECAO INDIVIDUAL EPI CALCADOS E EPI. EM ATENDIMENTO AS ESPECIFICACOES E QUANTITATIVOS CONSTANTES NO ITEM 4.0;567178.1;2022/10/06 09:30:00.000
EQUIPE DE PREGÃO - EMLURB;2022;34;PREGÃO ELETRÔNICO;34;2022;EMLURB - AUTARQUIA DE MANUTENÇÃO E LIMPEZA URBANA;PERMISSÃO DE USO ONEROSO DE ESPAÇO PÚBLICO COM FINALIDADE DE REVITALIZAÇÃO, REFORMA, ADMINISTRAÇÃO E MANUTENÇÃO DA PRAÇA CIDADE DO PORTO,ENTRE AS AV CONS AGUIAR E ENG DOMINGOS FERREIRA;1.0;2022/09/29 09:30:00.000
EQUIPE DE PREGÃO - EMLURB;2022;35;PREGÃO ELETRÔNICO;35;2022;EMLURB - AUTARQUIA DE MANUTENÇÃO E LIMPEZA URBANA;REGISTRO DE PRECOS. PARA FORNECIMENTO DE MATERIAL ELETRICO. DESTINADOS A MANUTENCAO. REQUALIFICACAO E EXPANSAO DA ILUMINACAO PUBLICA NA CIDADE DO RECIFE   POSTES. BRACOS PARA LUMINARIAS E LAMPADAS.;11384600.0;2022/10/10 09:30:00.000
EQUIPE DE PREGÃO - EMLURB;2022;36;PREGÃO ELETRÔNICO;36;2022;EMLURB - AUTARQUIA DE MANUTENÇÃO E LIMPEZA URBANA;FORNECIMENTO E INSTALACAO DE MOBILIARIOS URBANOS. PISO ECOLOGICO E BRINQUEDOS. VISANDO ATENDER AS DEMANDAS DE IMPLEMENTACAO DE PARQUES E PRACAS DESTINADOS AO PUBLICO INFANTIL NA CIDADE DO RECIFE.;36330244.78;2022/10/17 09:30:00.000
EQUIPE DE PREGÃO - EMLURB;2022;37;PREGÃO ELETRÔNICO;37;2022;EMLURB - AUTARQUIA DE MANUTENÇÃO E LIMPEZA URBANA;"AQUISICAO DE MATERIAL DE CONSTRUCAO. EM CONFORMIDADE COM AS CONDICOES E ESPECIFICACOES DO ANEXO A;";1133089.94;2022/10/14 09:30:00.000
EQUIPE DE PREGÃO - EMLURB;2022;38;PREGÃO ELETRÔNICO;38;2022;EMLURB - AUTARQUIA DE MANUTENÇÃO E LIMPEZA URBANA;AQUISICAO DE PRODUTOS DE HIGIENE E LIMPEZA;1691588.64;2022/10/28 09:30:00.000
EQUIPE DE PREGÃO - EMLURB;2022;39;PREGÃO ELETRÔNICO;39;2022;EMLURB - AUTARQUIA DE MANUTENÇÃO E LIMPEZA URBANA;FORNECIMENTO DE MATERIAL ELETRICO DESTINADOS A MANUTENCAO. REQUALIFICACAO E EXPANSAO DO SISTEMA DE ILUMINACAO PUBLICA DA CIDADE DO RECIFE;6771327.13;2022/10/10 09:30:00.000
EQUIPE DE PREGÃO - EMLURB;2022;40;PREGÃO ELETRÔNICO;40;2022;EMLURB - AUTARQUIA DE MANUTENÇÃO E LIMPEZA URBANA;FORNECIMENTO DE RACAO PARA OS ANIMAIS DO PARQUE TREZE DE MAIO.;150541.92;2022/11/10 09:30:00.000
EQUIPE DE PREGÃO - EMLURB;2022;41;PREGÃO ELETRÔNICO;41;2022;EMLURB - AUTARQUIA DE MANUTENÇÃO E LIMPEZA URBANA;SERV DE LOCACAO DE VEICULOS TIPO PASSEIO COM MOTORISTA PARA TRANSP DE OPERADORES E FISCAIS DE LIMP URB E APOIO AS ATIVID DA CCO   CENTRAL DE CONTOLE OPERAC DA DIRETORIA DE LIMPEZA URBANA.;3439260.0;2022/10/28 09:30:00.000
